--
-- PostgreSQL database dump
--

-- Dumped from database version 9.6.6
-- Dumped by pg_dump version 9.6.6

-- Started on 2018-01-19 23:34:56 EET

SET statement_timeout = 0;
SET lock_timeout = 0;
SET idle_in_transaction_session_timeout = 0;
SET client_encoding = 'UTF8';
SET standard_conforming_strings = on;
SET check_function_bodies = false;
SET client_min_messages = warning;
SET row_security = off;

--
-- TOC entry 12 (class 2615 OID 58179)
-- Name: common; Type: SCHEMA; Schema: -; Owner: postgres
--

CREATE SCHEMA common;


ALTER SCHEMA common OWNER TO postgres;

--
-- TOC entry 22 (class 2615 OID 58180)
-- Name: equipment; Type: SCHEMA; Schema: -; Owner: postgres
--

CREATE SCHEMA equipment;


ALTER SCHEMA equipment OWNER TO postgres;

--
-- TOC entry 8 (class 2615 OID 58181)
-- Name: facility; Type: SCHEMA; Schema: -; Owner: postgres
--

CREATE SCHEMA facility;


ALTER SCHEMA facility OWNER TO postgres;

--
-- TOC entry 13 (class 2615 OID 58182)
-- Name: inventory; Type: SCHEMA; Schema: -; Owner: postgres
--

CREATE SCHEMA inventory;


ALTER SCHEMA inventory OWNER TO postgres;

--
-- TOC entry 19 (class 2615 OID 58183)
-- Name: personnel; Type: SCHEMA; Schema: -; Owner: postgres
--

CREATE SCHEMA personnel;


ALTER SCHEMA personnel OWNER TO postgres;

--
-- TOC entry 18 (class 2615 OID 58184)
-- Name: pgunit; Type: SCHEMA; Schema: -; Owner: postgres
--

CREATE SCHEMA pgunit;


ALTER SCHEMA pgunit OWNER TO postgres;

--
-- TOC entry 15 (class 2615 OID 58185)
-- Name: schedule; Type: SCHEMA; Schema: -; Owner: postgres
--

CREATE SCHEMA schedule;


ALTER SCHEMA schedule OWNER TO postgres;

--
-- TOC entry 14 (class 2615 OID 58186)
-- Name: tests; Type: SCHEMA; Schema: -; Owner: postgres
--

CREATE SCHEMA tests;


ALTER SCHEMA tests OWNER TO postgres;

--
-- TOC entry 20 (class 2615 OID 58187)
-- Name: tooling; Type: SCHEMA; Schema: -; Owner: postgres
--

CREATE SCHEMA tooling;


ALTER SCHEMA tooling OWNER TO postgres;

--
-- TOC entry 9 (class 2615 OID 58188)
-- Name: transactor; Type: SCHEMA; Schema: -; Owner: postgres
--

CREATE SCHEMA transactor;


ALTER SCHEMA transactor OWNER TO postgres;

--
-- TOC entry 10 (class 2615 OID 58189)
-- Name: uom; Type: SCHEMA; Schema: -; Owner: postgres
--

CREATE SCHEMA uom;


ALTER SCHEMA uom OWNER TO postgres;

--
-- TOC entry 2 (class 3079 OID 13343)
-- Name: plpgsql; Type: EXTENSION; Schema: -; Owner: 
--

CREATE EXTENSION IF NOT EXISTS plpgsql WITH SCHEMA pg_catalog;


--
-- TOC entry 3516 (class 0 OID 0)
-- Dependencies: 2
-- Name: EXTENSION plpgsql; Type: COMMENT; Schema: -; Owner: 
--

COMMENT ON EXTENSION plpgsql IS 'PL/pgSQL procedural language';


--
-- TOC entry 1 (class 3079 OID 58190)
-- Name: adminpack; Type: EXTENSION; Schema: -; Owner: 
--

CREATE EXTENSION IF NOT EXISTS adminpack WITH SCHEMA pg_catalog;


--
-- TOC entry 3517 (class 0 OID 0)
-- Dependencies: 1
-- Name: EXTENSION adminpack; Type: COMMENT; Schema: -; Owner: 
--

COMMENT ON EXTENSION adminpack IS 'administrative functions for PostgreSQL';


--
-- TOC entry 5 (class 3079 OID 58199)
-- Name: pldbgapi; Type: EXTENSION; Schema: -; Owner: 
--

CREATE EXTENSION IF NOT EXISTS pldbgapi WITH SCHEMA public;


--
-- TOC entry 3518 (class 0 OID 0)
-- Dependencies: 5
-- Name: EXTENSION pldbgapi; Type: COMMENT; Schema: -; Owner: 
--

COMMENT ON EXTENSION pldbgapi IS 'server-side support for debugging PL/pgSQL functions';


--
-- TOC entry 4 (class 3079 OID 58236)
-- Name: plpgsql_check; Type: EXTENSION; Schema: -; Owner: 
--

CREATE EXTENSION IF NOT EXISTS plpgsql_check WITH SCHEMA public;


--
-- TOC entry 3519 (class 0 OID 0)
-- Dependencies: 4
-- Name: EXTENSION plpgsql_check; Type: COMMENT; Schema: -; Owner: 
--

COMMENT ON EXTENSION plpgsql_check IS 'extended check for plpgsql functions';


--
-- TOC entry 3 (class 3079 OID 58241)
-- Name: uuid-ossp; Type: EXTENSION; Schema: -; Owner: 
--

CREATE EXTENSION IF NOT EXISTS "uuid-ossp" WITH SCHEMA public;


--
-- TOC entry 3520 (class 0 OID 0)
-- Dependencies: 3
-- Name: EXTENSION "uuid-ossp"; Type: COMMENT; Schema: -; Owner: 
--

COMMENT ON EXTENSION "uuid-ossp" IS 'generate universally unique identifiers (UUIDs)';


SET search_path = common, pg_catalog;

--
-- TOC entry 706 (class 1247 OID 58253)
-- Name: document_fsmt; Type: TYPE; Schema: common; Owner: postgres
--

CREATE TYPE document_fsmt AS ENUM (
    'PROPOSED',
    'COMMITTED',
    'DECOMMITTED'
);


ALTER TYPE document_fsmt OWNER TO postgres;

--
-- TOC entry 709 (class 1247 OID 58260)
-- Name: document_kind; Type: TYPE; Schema: common; Owner: postgres
--

CREATE TYPE document_kind AS ENUM (
    'INVENTORY'
);


ALTER TYPE document_kind OWNER TO postgres;

--
-- TOC entry 824 (class 1247 OID 58709)
-- Name: facility_kind; Type: TYPE; Schema: common; Owner: postgres
--

CREATE TYPE facility_kind AS ENUM (
    'ENTERPRISE',
    'SITE',
    'AREA',
    'LINE',
    'ZONE'
);


ALTER TYPE facility_kind OWNER TO postgres;

--
-- TOC entry 827 (class 1247 OID 58732)
-- Name: facility_head; Type: TYPE; Schema: common; Owner: postgres
--

CREATE TYPE facility_head AS (
	document_id bigint,
	gid uuid,
	facility_code character varying,
	version_num integer,
	display_name character varying,
	document_date date,
	parent_facility_code character varying,
	facility_type facility_kind
);


ALTER TYPE facility_head OWNER TO postgres;

--
-- TOC entry 712 (class 1247 OID 58264)
-- Name: inventory_kind; Type: TYPE; Schema: common; Owner: postgres
--

CREATE TYPE inventory_kind AS ENUM (
    'ASSEMBLY',
    'PART',
    'BUYABLE',
    'CONSUMABLE',
    'PRODUCIBLE',
    'PRIMAL',
    'SALABLE',
    'STORABLE'
);


ALTER TYPE inventory_kind OWNER TO postgres;

--
-- TOC entry 715 (class 1247 OID 58283)
-- Name: unit_conversion_type; Type: TYPE; Schema: common; Owner: postgres
--

CREATE TYPE unit_conversion_type AS (
	uom_code_from character varying,
	uom_code_to character varying,
	factor double precision
);


ALTER TYPE unit_conversion_type OWNER TO postgres;

--
-- TOC entry 718 (class 1247 OID 58286)
-- Name: inventory_body; Type: TYPE; Schema: common; Owner: postgres
--

CREATE TYPE inventory_body AS (
	meas unit_conversion_type[],
	kind inventory_kind[]
);


ALTER TYPE inventory_body OWNER TO postgres;

--
-- TOC entry 721 (class 1247 OID 58289)
-- Name: inventory_head; Type: TYPE; Schema: common; Owner: postgres
--

CREATE TYPE inventory_head AS (
	document_id bigint,
	gid uuid,
	display_name character varying,
	part_code character varying,
	version_num integer,
	document_date date,
	uom_code character varying,
	curr_fsmt document_fsmt,
	document_type document_kind
);


ALTER TYPE inventory_head OWNER TO postgres;

--
-- TOC entry 724 (class 1247 OID 58292)
-- Name: inventory_document; Type: TYPE; Schema: common; Owner: postgres
--

CREATE TYPE inventory_document AS (
	head inventory_head,
	meas unit_conversion_type[],
	kind inventory_kind[]
);


ALTER TYPE inventory_document OWNER TO postgres;

--
-- TOC entry 727 (class 1247 OID 58293)
-- Name: quantity; Type: DOMAIN; Schema: common; Owner: postgres
--

CREATE DOMAIN quantity AS numeric(20,4) DEFAULT 0
	CONSTRAINT quantity_is_positive CHECK ((VALUE >= (0)::numeric));


ALTER DOMAIN quantity OWNER TO postgres;

--
-- TOC entry 3521 (class 0 OID 0)
-- Dependencies: 727
-- Name: DOMAIN quantity; Type: COMMENT; Schema: common; Owner: postgres
--

COMMENT ON DOMAIN quantity IS 'quantity domain';


--
-- TOC entry 729 (class 1247 OID 58295)
-- Name: quantity_signed; Type: DOMAIN; Schema: common; Owner: postgres
--

CREATE DOMAIN quantity_signed AS numeric(20,4) DEFAULT 0;


ALTER DOMAIN quantity_signed OWNER TO postgres;

--
-- TOC entry 3522 (class 0 OID 0)
-- Dependencies: 729
-- Name: DOMAIN quantity_signed; Type: COMMENT; Schema: common; Owner: postgres
--

COMMENT ON DOMAIN quantity_signed IS 'quantity signed domain';


--
-- TOC entry 288 (class 1255 OID 58296)
-- Name: foo(); Type: FUNCTION; Schema: common; Owner: postgres
--

CREATE FUNCTION foo() RETURNS integer
    LANGUAGE plpgsql
    AS $$

DECLARE
  __array integer[];

BEGIN
  __array[1] := 10;
  __array[2] := 20;
  __array[3] := 30;

  case
  when __array @> ARRAY[30] then
    raise notice 'msg %', 0;
  when __array @> ARRAY[20] then
    raise notice 'msg %', 1;
  when __array @> ARRAY[10] then
    raise notice 'msg %', 0;
  end case;

  return __array[2];

END;

$$;


ALTER FUNCTION common.foo() OWNER TO postgres;

--
-- TOC entry 289 (class 1255 OID 58297)
-- Name: get_param_measurement_apply_latency(); Type: FUNCTION; Schema: common; Owner: postgres
--

CREATE FUNCTION get_param_measurement_apply_latency() RETURNS interval
    LANGUAGE plpgsql
    AS $$
BEGIN
  RETURN parameter_value::interval
    FROM
      common.settings
    WHERE
      parameter_name = 'measurement_apply_latency';
END;
$$;


ALTER FUNCTION common.get_param_measurement_apply_latency() OWNER TO postgres;

SET search_path = facility, pg_catalog;

--
-- TOC entry 329 (class 1255 OID 58734)
-- Name: destroy(bigint); Type: FUNCTION; Schema: facility; Owner: postgres
--

CREATE FUNCTION destroy(__document_id bigint) RETURNS void
    LANGUAGE plpgsql
    AS $$
BEGIN
  DELETE FROM facility.information WHERE id = __document_id;
END;
$$;


ALTER FUNCTION facility.destroy(__document_id bigint) OWNER TO postgres;

--
-- TOC entry 328 (class 1255 OID 58733)
-- Name: get_head(bigint); Type: FUNCTION; Schema: facility; Owner: postgres
--

CREATE FUNCTION get_head(__document_id bigint) RETURNS common.facility_head
    LANGUAGE plpgsql
    AS $$
DECLARE
BEGIN
  RETURN 
    (information.id, 
    information.gid, 
    information.facility_code, 
    information.version_num, 
    information.display_name, 
    information.published_date, 
    information.parent_facility_code, 
    information.facility_type)::common.facility_head
  FROM 
    facility.information
  WHERE 
    information.id = __document_id;
END;
$$;


ALTER FUNCTION facility.get_head(__document_id bigint) OWNER TO postgres;

--
-- TOC entry 330 (class 1255 OID 58741)
-- Name: init(common.facility_head); Type: FUNCTION; Schema: facility; Owner: postgres
--

CREATE FUNCTION init(__head common.facility_head) RETURNS bigint
    LANGUAGE plpgsql
    AS $$
DECLARE
  _information_id bigint;
BEGIN


  CASE __head.facility_type
    WHEN 'ENTERPRISE'::common.facility_kind THEN 
      INSERT INTO
        facility.enterprise (
          id, 
          gid, 
          facility_code, 
          version_num, 
          display_name, 
          published_date, 
          parent_facility_code, 
          facility_type)
      VALUES (
        DEFAULT,
        __head.gid,
        __head.facility_code,
        __head.version_num,
        __head.display_name,
        __head.document_date,
        __head.parent_facility_code,
        __head.facility_type)
      RETURNING id INTO _information_id;

    WHEN 'SITE'::common.facility_kind THEN
      INSERT INTO
        facility.site (
          id, 
          gid, 
          facility_code, 
          version_num, 
          display_name, 
          published_date, 
          parent_facility_code, 
          facility_type)
      VALUES (
        DEFAULT,
        __head.gid,
        __head.facility_code,
        __head.version_num,
        __head.display_name,
        __head.document_date,
        __head.parent_facility_code,
        __head.facility_type)
      RETURNING id INTO _information_id;

    WHEN 'AREA'::common.facility_kind THEN 
      INSERT INTO
        facility.area (
          id, 
          gid, 
          facility_code, 
          version_num, 
          display_name, 
          published_date, 
          parent_facility_code, 
          facility_type)
      VALUES (
        DEFAULT,
        __head.gid,
        __head.facility_code,
        __head.version_num,
        __head.display_name,
        __head.document_date,
        __head.parent_facility_code,
        __head.facility_type)
      RETURNING id INTO _information_id;

    WHEN 'LINE'::common.facility_kind THEN 
      INSERT INTO
        facility.line (
          id, 
          gid, 
          facility_code, 
          version_num, 
          display_name, 
          published_date, 
          parent_facility_code, 
          facility_type)
      VALUES (
        DEFAULT,
        __head.gid,
        __head.facility_code,
        __head.version_num,
        __head.display_name,
        __head.document_date,
        __head.parent_facility_code,
        __head.facility_type)
      RETURNING id INTO _information_id;

    WHEN 'ZONE'::common.facility_kind THEN 
      INSERT INTO
        facility.zone (
          id, 
          gid, 
          facility_code, 
          version_num, 
          display_name, 
          published_date, 
          parent_facility_code, 
          facility_type)
      VALUES (
        DEFAULT,
        __head.gid,
        __head.facility_code,
        __head.version_num,
        __head.display_name,
        __head.document_date,
        __head.parent_facility_code,
        __head.facility_type)
      RETURNING id INTO _information_id;

    ELSE
      RAISE EXCEPTION 'unsupported facility_type %', __head.facility_type;

    END CASE;

    RETURN _information_id;

END;
$$;


ALTER FUNCTION facility.init(__head common.facility_head) OWNER TO postgres;

--
-- TOC entry 331 (class 1255 OID 58743)
-- Name: reinit(common.facility_head); Type: FUNCTION; Schema: facility; Owner: postgres
--

CREATE FUNCTION reinit(__head common.facility_head) RETURNS void
    LANGUAGE plpgsql
    AS $$
DECLARE
BEGIN
  --DELETE FROM facility.information WHERE id = __head.document_id;

  CASE __head.facility_type
    WHEN 'ENTERPRISE'::common.facility_kind THEN 
      UPDATE
        facility.enterprise
      SET 
        facility_code = __head.facility_code, 
        version_num = __head.version_num, 
        display_name = __head.display_name, 
        published_date = __head.document_date, 
        parent_facility_code = __head.parent_facility_code
      WHERE
        id = __head.document_id;

    WHEN 'SITE'::common.facility_kind THEN
      UPDATE
        facility.site
      SET 
        facility_code = __head.facility_code, 
        version_num = __head.version_num, 
        display_name = __head.display_name, 
        published_date = __head.document_date, 
        parent_facility_code = __head.parent_facility_code
      WHERE
        id = __head.document_id;

    WHEN 'AREA'::common.facility_kind THEN 
      UPDATE
        facility.area
      SET 
        facility_code = __head.facility_code, 
        version_num = __head.version_num, 
        display_name = __head.display_name, 
        published_date = __head.document_date, 
        parent_facility_code = __head.parent_facility_code
      WHERE
        id = __head.document_id;

    WHEN 'LINE'::common.facility_kind THEN 
      UPDATE
        facility.line
      SET 
        facility_code = __head.facility_code, 
        version_num = __head.version_num, 
        display_name = __head.display_name, 
        published_date = __head.document_date, 
        parent_facility_code = __head.parent_facility_code
      WHERE
        id = __head.document_id;

    WHEN 'ZONE'::common.facility_kind THEN 
      UPDATE
        facility.zone
      SET 
        facility_code = __head.facility_code, 
        version_num = __head.version_num, 
        display_name = __head.display_name, 
        published_date = __head.document_date, 
        parent_facility_code = __head.parent_facility_code
      WHERE
        id = __head.document_id;

    ELSE
      RAISE EXCEPTION 'unsupported facility_type %', __head.facility_type;

    END CASE;

END;
$$;


ALTER FUNCTION facility.reinit(__head common.facility_head) OWNER TO postgres;

SET search_path = inventory, pg_catalog;

--
-- TOC entry 290 (class 1255 OID 58298)
-- Name: _convert_quantity(character varying, double precision, character varying, character varying, timestamp with time zone); Type: FUNCTION; Schema: inventory; Owner: postgres
--

CREATE FUNCTION _convert_quantity(_part_code character varying, _quantity double precision, _uom_code_from character varying, _uom_code_to character varying, _valid_from_date timestamp with time zone DEFAULT NULL::timestamp with time zone) RETURNS double precision
    LANGUAGE plpgsql
    AS $$

DECLARE
  __uom_domain_to character varying;
  __uom_domain_from character varying;
  __unit_conversion_array common.unit_conversion_type[];
  __m common.unit_conversion_type;
  __exponentiation integer DEFAULT 1;

BEGIN

  /*
  case
    when __array @> ARRAY[30] then
      raise notice 'msg %', 0;
    when __array @> ARRAY[20] then
      raise notice 'msg %', 1;
    when __array @> ARRAY[10] then
      raise notice 'msg %', 0;
  end case;

  raise NOTICE 'array dump %', __unit_conversion_array;
  raise NOTICE 'array unnest %', unnest(array[__unit_conversion_array[1]]);


  case when __unit_conversion_array @> ARRAY[(_uom_code_from,_uom_code_to,null)::mdm.unit_conversion_type] THEN
  RAISE NOTICE 'ok %', __unit_conversion_array;
  else RAISE NOTICE 'not ok %', __unit_conversion_array;
  end case
  
  */

  -- визначити домен одиниці виміру, до якої приводимо
  __uom_domain_to := uom.get_domain(_uom_code := _uom_code_to);
  -- визначити домен одиниці виміру, з якої приводимо
  __uom_domain_from := uom.get_domain(_uom_code := _uom_code_from);

  --RAISE NOTICE 'conversion from % to %', __uom_domain_to, __uom_domain_from;

  IF (_valid_from_date IS NULL) THEN
    _valid_from_date := now();
  END IF;

  -- якщо той самий домен, то використовуємо коефіцієнт Сі
  IF (__uom_domain_from = __uom_domain_to) THEN
    --RAISE NOTICE 'formula = % * %', _quantity, mdm.get_factor(_uom_code_from, _uom_code_to);
    RETURN _quantity * uom.get_factor(_uom_code_from, _uom_code_to);
  END IF;

    __unit_conversion_array := measurement.get_uom_conversion_factors(
      _part_code := _part_code,
      _uom_domain_from := __uom_domain_from,
      _uom_domain_to := __uom_domain_to,
      _valid_from_date := _valid_from_date);

    -- логіка перетворення з основного домену в додатковий
    IF (array_ndims(__unit_conversion_array) >= 1) THEN

      FOREACH __m IN
        ARRAY __unit_conversion_array
      LOOP 
        IF (__m.uom_code_from = _uom_code_from AND __m.uom_code_to = _uom_code_to) THEN
          RAISE NOTICE 'full forward match % to % = %',_uom_code_from, _uom_code_to, __m.factor;
          RETURN _quantity * (__m.factor ^ __exponentiation);
        END IF;
      END LOOP;

      FOREACH __m IN
        ARRAY __unit_conversion_array
      LOOP 
        IF ( __m.uom_code_from = _uom_code_from) THEN
          RAISE NOTICE 'partial forward _from_ match % to % = %',_uom_code_from, __m.uom_code_to, __m.factor;
          RETURN _quantity *  
            (__m.factor ^ __exponentiation) *
            uom.get_factor(_uom_code_to, __m.uom_code_to);
        END IF;
      END LOOP;

      FOREACH __m IN
        ARRAY __unit_conversion_array
      LOOP 
        IF ( __m.uom_code_to = _uom_code_to) THEN
          RAISE NOTICE 'partial forward _to_ match % to % = %',__m.uom_code_from, _uom_code_to, __m.factor;
          RETURN _quantity * 
            (__m.factor ^ __exponentiation) * 
            uom.get_factor(_uom_code_from, __m.uom_code_from);
        END IF;
      END LOOP;

      RAISE NOTICE 'finally forward match % to % = %', 
        __unit_conversion_array[1].uom_code_from, 
        __unit_conversion_array[1].uom_code_to, 
        __unit_conversion_array[1].factor;
      RETURN _quantity * 
        uom.get_factor(_uom_code_from, __unit_conversion_array[1].uom_code_from) * 
        (__unit_conversion_array[1].factor ^ __exponentiation) *
        uom.get_factor(__unit_conversion_array[1].uom_code_to, _uom_code_to);

    -- логіка перетворення з додаткового в основний домен
    ELSE
      __unit_conversion_array := measurement.get_uom_conversion_factors(
        _part_code := _part_code,
        _uom_domain_from := __uom_domain_to,
        _uom_domain_to := __uom_domain_from,
        _valid_from_date := _valid_from_date);

      IF (array_ndims(__unit_conversion_array) >= 1) THEN
        __exponentiation := -1;

        FOREACH __m IN
          ARRAY __unit_conversion_array
        LOOP 
          IF (__m.uom_code_from = _uom_code_to AND __m.uom_code_to = _uom_code_from) THEN
            RAISE NOTICE 'full reverse match % to % = %',_uom_code_from, _uom_code_to, __m.factor;
            RETURN _quantity * (__m.factor ^ __exponentiation);
          END IF;
        END LOOP;

        FOREACH __m IN
          ARRAY __unit_conversion_array
        LOOP 
          IF ( __m.uom_code_from = _uom_code_to) THEN
            RAISE NOTICE 'partial reverse _from_ match % to % = %',_uom_code_from, __m.uom_code_to, __m.factor;
            RETURN _quantity *  
              (__m.factor ^ __exponentiation) *
              uom.get_factor(_uom_code_from ,  __m.uom_code_to);
          END IF;
        END LOOP;

        FOREACH __m IN
          ARRAY __unit_conversion_array
        LOOP 
          IF ( __m.uom_code_to = _uom_code_from) THEN
            RAISE NOTICE 'partial reverse _to_ match % to % = %',__m.uom_code_to, _uom_code_from, __m.factor;
            RETURN _quantity * 
              (__m.factor ^ __exponentiation) * 
              uom.get_factor(_uom_code_to, __m.uom_code_from);
          END IF;
        END LOOP;

        RAISE NOTICE 'finally reverse match % to % = %',
          __unit_conversion_array[1].uom_code_from,
          __unit_conversion_array[1].uom_code_to,
          __unit_conversion_array[1].factor;
        RETURN _quantity * 
          uom.get_factor(_uom_code_from ,  __unit_conversion_array[1].uom_code_to) *
          (__unit_conversion_array[1].factor ^ __exponentiation) *
          uom.get_factor(__unit_conversion_array[1].uom_code_from, _uom_code_to);

      ELSE
        --RETURN 987654321;
        RAISE EXCEPTION 'no conversion factor found for measure domains % and % for % entity at %',
          __uom_domain_from,
          __uom_domain_to, 
          _part_code,
          _valid_from_date;
          
      END IF;

    END IF;

END;

$$;


ALTER FUNCTION inventory._convert_quantity(_part_code character varying, _quantity double precision, _uom_code_from character varying, _uom_code_to character varying, _valid_from_date timestamp with time zone) OWNER TO postgres;

--
-- TOC entry 291 (class 1255 OID 58299)
-- Name: _create_factor(character varying, character varying, double precision, timestamp with time zone, timestamp with time zone); Type: FUNCTION; Schema: inventory; Owner: postgres
--

CREATE FUNCTION _create_factor(_part_code character varying, _uom_code character varying, _factor double precision DEFAULT (1.0)::double precision, _end_date timestamp with time zone DEFAULT NULL::timestamp with time zone, _start_date timestamp with time zone DEFAULT NULL::timestamp with time zone) RETURNS void
    LANGUAGE plpgsql
    AS $$
DECLARE
  __prev_end_date timestamp with time zone;
BEGIN

  -- start_date IS NULL for conversion factors created on MDM node. This should not be NULL on holons
  IF (_start_date IS NULL) THEN
    _start_date := now() + common.get_param_measurement_apply_latency();
  END IF;

  -- define previous end date of measure conversion factor validity
  __prev_end_date := prev_end_date
    FROM
      measurement.information
    WHERE
      part_code = _part_code AND
      uom_code = _uom_code AND
      end_date IS NULL;
  
  -- if previous start date not exists, this is first time insertion
  IF NOT FOUND THEN
    --__prev_end_date := '1970-01-01'::timestamp with time zone;
    __prev_end_date := _start_date;
  END IF;

  INSERT INTO measurement.information
  (
    part_code,
    uom_code,
    uom_base_code,
    factor,
    prev_end_date,
    start_date,
    end_date
  )
  VALUES
  (
    _part_code,
    _uom_code,
    measurement.get_base_uom(_part_code),
    _factor,
    __prev_end_date,
    _start_date,
    _end_date
  );

END;
$$;


ALTER FUNCTION inventory._create_factor(_part_code character varying, _uom_code character varying, _factor double precision, _end_date timestamp with time zone, _start_date timestamp with time zone) OWNER TO postgres;

--
-- TOC entry 3523 (class 0 OID 0)
-- Dependencies: 291
-- Name: FUNCTION _create_factor(_part_code character varying, _uom_code character varying, _factor double precision, _end_date timestamp with time zone, _start_date timestamp with time zone); Type: COMMENT; Schema: inventory; Owner: postgres
--

COMMENT ON FUNCTION _create_factor(_part_code character varying, _uom_code character varying, _factor double precision, _end_date timestamp with time zone, _start_date timestamp with time zone) IS 'Helper for create new factor';


--
-- TOC entry 292 (class 1255 OID 58300)
-- Name: _expire_factor(character varying, character varying, timestamp with time zone); Type: FUNCTION; Schema: inventory; Owner: postgres
--

CREATE FUNCTION _expire_factor(_part_code character varying, _uom_code character varying, _end_date timestamp with time zone) RETURNS void
    LANGUAGE plpgsql
    AS $$
BEGIN

  UPDATE
    measurement.information
  SET 
    end_date = _end_date
  WHERE 
    part_code = _part_code AND
    uom_code = _uom_code AND
    end_date IS NULL;
  
END;
$$;


ALTER FUNCTION inventory._expire_factor(_part_code character varying, _uom_code character varying, _end_date timestamp with time zone) OWNER TO postgres;

--
-- TOC entry 3524 (class 0 OID 0)
-- Dependencies: 292
-- Name: FUNCTION _expire_factor(_part_code character varying, _uom_code character varying, _end_date timestamp with time zone); Type: COMMENT; Schema: inventory; Owner: postgres
--

COMMENT ON FUNCTION _expire_factor(_part_code character varying, _uom_code character varying, _end_date timestamp with time zone) IS 'Helper for expire factor';


--
-- TOC entry 293 (class 1255 OID 58301)
-- Name: _get_base_uom(character varying); Type: FUNCTION; Schema: inventory; Owner: postgres
--

CREATE FUNCTION _get_base_uom(_part_code character varying) RETURNS character varying
    LANGUAGE plpgsql
    AS $$
BEGIN
  RETURN uom_base_code
    FROM
      inventory.storable
    WHERE
      part_code = _part_code;
END;
$$;


ALTER FUNCTION inventory._get_base_uom(_part_code character varying) OWNER TO postgres;

--
-- TOC entry 294 (class 1255 OID 58302)
-- Name: _get_base_uom2(character varying, timestamp with time zone); Type: FUNCTION; Schema: inventory; Owner: postgres
--

CREATE FUNCTION _get_base_uom2(_part_code character varying, _valid_from_date timestamp with time zone DEFAULT NULL::timestamp with time zone) RETURNS character varying
    LANGUAGE plpgsql
    AS $$
BEGIN

  IF (_valid_from_date IS NOT NULL) THEN
    RETURN uom_base_code
      FROM
        measurement.information
      WHERE
        part_code = _part_code AND
        factor = 1 AND
        _valid_from_date BETWEEN start_date AND COALESCE (end_date, now());

  ELSE
    RETURN inventory.get_base_uom(_part_code := _part_code);
  END IF;
END;
$$;


ALTER FUNCTION inventory._get_base_uom2(_part_code character varying, _valid_from_date timestamp with time zone) OWNER TO postgres;

--
-- TOC entry 295 (class 1255 OID 58303)
-- Name: _get_uom_conversion_factors(character varying, character varying, character varying, timestamp with time zone); Type: FUNCTION; Schema: inventory; Owner: postgres
--

CREATE FUNCTION _get_uom_conversion_factors(_part_code character varying, _uom_domain_from character varying, _uom_domain_to character varying, _valid_from_date timestamp with time zone DEFAULT now()) RETURNS common.unit_conversion_type[]
    LANGUAGE plpgsql
    AS $$
DECLARE
  __conversion_array common.unit_conversion_type[];
  __cursor_record RECORD;
  __idx integer DEFAULT 1;
  
BEGIN

  FOR __cursor_record IN
    SELECT
      meas.uom_base_code AS uom_code_from, 
      meas.uom_code AS uom_code_to,
      meas.factor AS factor
    FROM 
      measurement.information meas, 
      uom.information uom_from, 
      uom.information uom_to
    WHERE 
      uom_from.uom_code = meas.uom_base_code AND
      uom_to.uom_code = meas.uom_code AND
      meas.part_code = _part_code AND
      uom_from.uom_domain = _uom_domain_from AND 
      uom_to.uom_domain = _uom_domain_to AND
      _valid_from_date BETWEEN meas.start_date AND COALESCE (meas.end_date, now())
  LOOP
    --PERFORM array_append(__conversion_array, __cursor_record::mdm.unit_conversion_type);
    __conversion_array[__idx] := __cursor_record;
    __idx := __idx + 1;
  END LOOP;

  RETURN __conversion_array;

END
$$;


ALTER FUNCTION inventory._get_uom_conversion_factors(_part_code character varying, _uom_domain_from character varying, _uom_domain_to character varying, _valid_from_date timestamp with time zone) OWNER TO postgres;

--
-- TOC entry 298 (class 1255 OID 58304)
-- Name: _replace_factor(character varying, character varying, double precision, timestamp with time zone, timestamp with time zone); Type: FUNCTION; Schema: inventory; Owner: postgres
--

CREATE FUNCTION _replace_factor(_part_code character varying, _uom_code character varying, _factor double precision DEFAULT (1.0)::double precision, _end_date timestamp with time zone DEFAULT NULL::timestamp with time zone, _start_date timestamp with time zone DEFAULT NULL::timestamp with time zone) RETURNS void
    LANGUAGE plpgsql
    AS $$
DECLARE
  __prev_end_date timestamp with time zone;
BEGIN

  -- start_date IS NULL for conversion factors created on MDM node. This should not be NULL on holons
  IF (_start_date IS NULL) THEN
    _start_date := now() + common.get_param_measurement_apply_latency();
  END IF;

  -- define previous end date of measure conversion factor validity
  __prev_end_date := prev_end_date
    FROM
      measurement.information
    WHERE
      part_code = _part_code AND
      uom_code = _uom_code AND
      end_date IS NULL;
  
  -- if previous start date not exists, this is first time insertion
  IF NOT FOUND THEN
    --__prev_end_date := '1970-01-01'::timestamp with time zone;
    __prev_end_date := _start_date;
  END IF;

  PERFORM measurement.expire_factor(
    _part_code := _part_code,
    _uom_code := _uom_code,
    _end_date := _start_date);

  PERFORM measurement.create_factor(
    _part_code := _part_code,
    _uom_code := _uom_code,
    _factor := _factor,
    _end_date := _end_date,
    _start_date := _start_date);
  

END;
$$;


ALTER FUNCTION inventory._replace_factor(_part_code character varying, _uom_code character varying, _factor double precision, _end_date timestamp with time zone, _start_date timestamp with time zone) OWNER TO postgres;

--
-- TOC entry 3525 (class 0 OID 0)
-- Dependencies: 298
-- Name: FUNCTION _replace_factor(_part_code character varying, _uom_code character varying, _factor double precision, _end_date timestamp with time zone, _start_date timestamp with time zone); Type: COMMENT; Schema: inventory; Owner: postgres
--

COMMENT ON FUNCTION _replace_factor(_part_code character varying, _uom_code character varying, _factor double precision, _end_date timestamp with time zone, _start_date timestamp with time zone) IS 'Helper for substitute old factor with new value';


--
-- TOC entry 299 (class 1255 OID 58305)
-- Name: destroy(bigint); Type: FUNCTION; Schema: inventory; Owner: postgres
--

CREATE FUNCTION destroy(__document_id bigint) RETURNS void
    LANGUAGE plpgsql
    AS $$
BEGIN
  DELETE FROM inventory.definition WHERE id = __document_id;
END;
$$;


ALTER FUNCTION inventory.destroy(__document_id bigint) OWNER TO postgres;

--
-- TOC entry 300 (class 1255 OID 58306)
-- Name: get_document(bigint); Type: FUNCTION; Schema: inventory; Owner: postgres
--

CREATE FUNCTION get_document(__document_id bigint) RETURNS common.inventory_document
    LANGUAGE plpgsql
    AS $$
BEGIN
  RETURN
    (inventory.get_head(__document_id),
    inventory.get_meas_spec(__document_id),
    inventory.get_kind_spec(__document_id))::common.inventory_document;
END
$$;


ALTER FUNCTION inventory.get_document(__document_id bigint) OWNER TO postgres;

--
-- TOC entry 301 (class 1255 OID 58307)
-- Name: get_head(bigint); Type: FUNCTION; Schema: inventory; Owner: postgres
--

CREATE FUNCTION get_head(__document_id bigint) RETURNS common.inventory_head
    LANGUAGE plpgsql
    AS $$
DECLARE
BEGIN
  RETURN 
    (definition.id, 
    definition.gid, 
    information.display_name, 
    information.part_code, 
    definition.version_num, 
    definition.published_date, 
    definition.uom_code, 
    definition.curr_fsmt,
    'INVENTORY'::common.document_kind
    )::common.inventory_head
  FROM 
    inventory.information, 
    inventory.definition
  WHERE 
    information.id = definition.information_id AND
    definition.id = __document_id;
END;
$$;


ALTER FUNCTION inventory.get_head(__document_id bigint) OWNER TO postgres;

--
-- TOC entry 302 (class 1255 OID 58308)
-- Name: get_kind_spec(bigint); Type: FUNCTION; Schema: inventory; Owner: postgres
--

CREATE FUNCTION get_kind_spec(__document_id bigint) RETURNS common.inventory_kind[]
    LANGUAGE plpgsql
    AS $$
BEGIN
  RETURN
    ARRAY (
      SELECT 
        variety.inventory_type
      FROM 
        inventory.variety
      WHERE 
        variety.definition_id = __document_id
    );
END
$$;


ALTER FUNCTION inventory.get_kind_spec(__document_id bigint) OWNER TO postgres;

--
-- TOC entry 303 (class 1255 OID 58309)
-- Name: get_meas_spec(bigint); Type: FUNCTION; Schema: inventory; Owner: postgres
--

CREATE FUNCTION get_meas_spec(__document_id bigint) RETURNS common.unit_conversion_type[]
    LANGUAGE plpgsql
    AS $$
BEGIN
  RETURN
    ARRAY (
      SELECT 
        (definition.uom_code, 
        measurement.uom_code, 
        measurement.factor)::common.unit_conversion_type
      FROM 
        inventory.definition, 
        inventory.measurement
      WHERE 
        definition.id = measurement.definition_id AND 
        definition.id = __document_id
    );
END
$$;


ALTER FUNCTION inventory.get_meas_spec(__document_id bigint) OWNER TO postgres;

--
-- TOC entry 304 (class 1255 OID 58310)
-- Name: init(common.inventory_head, common.unit_conversion_type[], common.inventory_kind[]); Type: FUNCTION; Schema: inventory; Owner: postgres
--

CREATE FUNCTION init(__head common.inventory_head, __meas common.unit_conversion_type[], __kind common.inventory_kind[]) RETURNS bigint
    LANGUAGE plpgsql
    AS $$
DECLARE
  _information_id bigint;
  _definition_id bigint;
BEGIN

  RETURN _definition_id;

END;
$$;


ALTER FUNCTION inventory.init(__head common.inventory_head, __meas common.unit_conversion_type[], __kind common.inventory_kind[]) OWNER TO postgres;

--
-- TOC entry 305 (class 1255 OID 58311)
-- Name: reinit(bigint, common.unit_conversion_type[], common.inventory_kind[]); Type: FUNCTION; Schema: inventory; Owner: postgres
--

CREATE FUNCTION reinit(__document_id bigint, __meas common.unit_conversion_type[], __kind common.inventory_kind[]) RETURNS void
    LANGUAGE plpgsql
    AS $$
DECLARE
BEGIN
--
END;
$$;


ALTER FUNCTION inventory.reinit(__document_id bigint, __meas common.unit_conversion_type[], __kind common.inventory_kind[]) OWNER TO postgres;

SET search_path = pgunit, pg_catalog;

--
-- TOC entry 306 (class 1255 OID 58312)
-- Name: assert_array_equals(anyelement, anyelement, character varying); Type: FUNCTION; Schema: pgunit; Owner: postgres
--

CREATE FUNCTION assert_array_equals(_expected anyelement, _actual anyelement, _message character varying) RETURNS void
    LANGUAGE plpgsql
    AS $$
BEGIN
  IF _expected IS NULL THEN
    RAISE EXCEPTION '#incorrect_expected_value NULL';
  END IF;
  IF NOT (_expected::varchar[] @> _actual::varchar[] AND _actual::varchar[] @> _expected::varchar[])
     OR _actual IS NULL
     OR (array_dims(_expected) <> array_dims(_actual))
  THEN
    RAISE EXCEPTION E'#assert_array_equals\n%\nExpected: %\nActual: %', _message, _expected, _actual;
  END IF;
END;
$$;


ALTER FUNCTION pgunit.assert_array_equals(_expected anyelement, _actual anyelement, _message character varying) OWNER TO postgres;

--
-- TOC entry 307 (class 1255 OID 58313)
-- Name: assert_equals(anyelement, anyelement, character varying); Type: FUNCTION; Schema: pgunit; Owner: postgres
--

CREATE FUNCTION assert_equals(_expected anyelement, _actual anyelement, _message character varying) RETURNS void
    LANGUAGE plpgsql
    AS $$
BEGIN
  IF _expected IS NULL THEN
    RAISE EXCEPTION '#incorrect_expected_value NULL';
  END IF;
  IF _expected IS DISTINCT FROM _actual THEN
    RAISE EXCEPTION E'#assert_equals\n%\nExpected: %\nActual: %', _message, _expected, _actual;
  END IF;
END;
$$;


ALTER FUNCTION pgunit.assert_equals(_expected anyelement, _actual anyelement, _message character varying) OWNER TO postgres;

--
-- TOC entry 308 (class 1255 OID 58314)
-- Name: assert_false(boolean, character varying); Type: FUNCTION; Schema: pgunit; Owner: postgres
--

CREATE FUNCTION assert_false(_value boolean, _message character varying) RETURNS void
    LANGUAGE plpgsql
    AS $$
BEGIN
  IF _value OR _value IS NULL THEN
    RAISE EXCEPTION E'#assert_false\n%\nValue: %', _message, _value;
  END IF;
END;
$$;


ALTER FUNCTION pgunit.assert_false(_value boolean, _message character varying) OWNER TO postgres;

--
-- TOC entry 309 (class 1255 OID 58315)
-- Name: assert_not_equals(anyelement, anyelement, character varying); Type: FUNCTION; Schema: pgunit; Owner: postgres
--

CREATE FUNCTION assert_not_equals(_expected anyelement, _actual anyelement, _message character varying) RETURNS void
    LANGUAGE plpgsql
    AS $$
BEGIN
  IF _expected IS NULL THEN
    RAISE EXCEPTION '#incorrect_expected_value NULL';
  END IF;
  IF _expected IS NOT DISTINCT FROM _actual THEN
    RAISE EXCEPTION E'#assert_not_equals\n%\nExpected: %\nActual: %', _message, _expected, _actual;
  END IF;
END;
$$;


ALTER FUNCTION pgunit.assert_not_equals(_expected anyelement, _actual anyelement, _message character varying) OWNER TO postgres;

--
-- TOC entry 310 (class 1255 OID 58316)
-- Name: assert_not_null(anyelement, character varying); Type: FUNCTION; Schema: pgunit; Owner: postgres
--

CREATE FUNCTION assert_not_null(_value anyelement, _message character varying) RETURNS void
    LANGUAGE plpgsql
    AS $$
BEGIN
  IF _value IS NULL THEN
    RAISE EXCEPTION E'#assert_not_null\n%', _message;
  END IF;
END;
$$;


ALTER FUNCTION pgunit.assert_not_null(_value anyelement, _message character varying) OWNER TO postgres;

--
-- TOC entry 311 (class 1255 OID 58317)
-- Name: assert_null(anyelement, character varying); Type: FUNCTION; Schema: pgunit; Owner: postgres
--

CREATE FUNCTION assert_null(_value anyelement, _message character varying) RETURNS void
    LANGUAGE plpgsql
    AS $$
BEGIN
  IF _value IS NOT NULL THEN
    RAISE EXCEPTION E'#assert_null\n%\nValue: %', _message, _value;
  END IF;
END;
$$;


ALTER FUNCTION pgunit.assert_null(_value anyelement, _message character varying) OWNER TO postgres;

--
-- TOC entry 312 (class 1255 OID 58318)
-- Name: assert_true(boolean, character varying); Type: FUNCTION; Schema: pgunit; Owner: postgres
--

CREATE FUNCTION assert_true(_value boolean, _message character varying) RETURNS void
    LANGUAGE plpgsql
    AS $$
BEGIN
  IF NOT _value OR _value IS NULL THEN
    RAISE EXCEPTION E'#assert_true\n%\nValue: %', _message, _value;
  END IF;
END;
$$;


ALTER FUNCTION pgunit.assert_true(_value boolean, _message character varying) OWNER TO postgres;

--
-- TOC entry 296 (class 1255 OID 58319)
-- Name: fail(character varying); Type: FUNCTION; Schema: pgunit; Owner: postgres
--

CREATE FUNCTION fail(_message character varying) RETURNS void
    LANGUAGE plpgsql
    AS $$
BEGIN
  RAISE EXCEPTION E'#fail\n%', _message;
END;
$$;


ALTER FUNCTION pgunit.fail(_message character varying) OWNER TO postgres;

--
-- TOC entry 297 (class 1255 OID 58320)
-- Name: run_test(character varying); Type: FUNCTION; Schema: pgunit; Owner: postgres
--

CREATE FUNCTION run_test(_sp character varying) RETURNS character varying
    LANGUAGE plpgsql
    AS $$
BEGIN
  EXECUTE 'SELECT ' || _sp;
  RAISE EXCEPTION '#OK';
EXCEPTION
  WHEN others THEN
    RETURN SQLERRM;
END;
$$;


ALTER FUNCTION pgunit.run_test(_sp character varying) OWNER TO postgres;

--
-- TOC entry 313 (class 1255 OID 58321)
-- Name: test_assert_array_equals(); Type: FUNCTION; Schema: pgunit; Owner: postgres
--

CREATE FUNCTION test_assert_array_equals() RETURNS void
    LANGUAGE plpgsql
    AS $$
DECLARE
  _message  varchar;
BEGIN
  _message := 'qazwsxedc';

  -- EMPTY ARRAYS

  PERFORM pgunit.assert_array_equals('{}'::varchar[], '{}'::varchar[], _message);

  BEGIN
    PERFORM pgunit.assert_array_equals('{}'::varchar[], array['1']::varchar[], _message);
    RAISE EXCEPTION 'Epic fail. Line: 18';
  EXCEPTION
    WHEN others THEN
      IF SQLERRM NOT ILIKE E'#assert_array_equals\n%' THEN
        RAISE;
      END IF;
  END;

  BEGIN
    PERFORM pgunit.assert_array_equals(array['1']::varchar[], '{}'::varchar[], _message);
    RAISE EXCEPTION 'Epic fail. Line: 28';
  EXCEPTION
    WHEN others THEN
      IF SQLERRM NOT ILIKE E'#assert_array_equals\n%' THEN
        RAISE;
      END IF;
  END;

  BEGIN
    PERFORM pgunit.assert_array_equals(array['1']::varchar[], NULL::varchar[], _message);
    RAISE EXCEPTION 'Epic fail. Line: 38';
  EXCEPTION
    WHEN others THEN
      IF SQLERRM NOT ILIKE E'#assert_array_equals\n%' THEN
        RAISE;
      END IF;
  END;

  BEGIN
    PERFORM pgunit.assert_array_equals('{}'::varchar[], NULL::varchar[], _message);
    RAISE EXCEPTION 'Epic fail. Line: 48';
  EXCEPTION
    WHEN others THEN
      IF SQLERRM NOT ILIKE E'#assert_array_equals\n%' THEN
        RAISE;
      END IF;
  END;

  BEGIN
    PERFORM pgunit.assert_array_equals(NULL::varchar[], array['1']::varchar[], _message);
    RAISE EXCEPTION 'Epic fail. Line: 58';
  EXCEPTION
    WHEN others THEN
      IF SQLERRM NOT ILIKE E'#incorrect_expected_value %' THEN
        RAISE;
      END IF;
  END;

  -- UNARY ARRAY

  PERFORM pgunit.assert_array_equals(array['1']::varchar[], array['1']::varchar[], _message);

  BEGIN
    PERFORM pgunit.assert_array_equals(array['2']::varchar[], array['1']::varchar[], _message);
    RAISE EXCEPTION 'Epic fail. Line: 72';
  EXCEPTION
    WHEN others THEN
      IF SQLERRM NOT ILIKE E'#assert_array_equals\n%' THEN
        RAISE;
      END IF;
  END;

  -- ARRAYS

  PERFORM pgunit.assert_array_equals(array['1', '2']::varchar[], array['1', '2']::varchar[], _message);
  PERFORM pgunit.assert_array_equals(array['2', '1']::varchar[], array['1', '2']::varchar[], _message);
  PERFORM pgunit.assert_array_equals(array['1', '2', '3']::varchar[], array['1', '3', '2']::varchar[], _message);


  BEGIN
    PERFORM pgunit.assert_array_equals(array['1', '2', '3']::varchar[], array['1', '3', '2', '2']::varchar[], _message);
    RAISE EXCEPTION 'Epic fail. Line: 77';
  EXCEPTION
  WHEN others THEN
    IF SQLERRM NOT ILIKE E'#assert_array_equals\n%' THEN
      RAISE;
    END IF;
  END;


  BEGIN
    PERFORM pgunit.assert_array_equals(array['1', '2', '3']::varchar[], array['1', '2', '2']::varchar[], _message);
    RAISE EXCEPTION 'Epic fail. Line: 89';
  EXCEPTION
    WHEN others THEN
      IF SQLERRM NOT ILIKE E'#assert_array_equals\n%' THEN
        RAISE;
      END IF;
  END;

  BEGIN
    PERFORM pgunit.assert_array_equals(array['1', '2', '3']::varchar[], array['4', '5', '6']::varchar[], _message);
    RAISE EXCEPTION 'Epic fail. Line: 99';
  EXCEPTION
    WHEN others THEN
      IF SQLERRM NOT ILIKE E'#assert_array_equals\n%' THEN
        RAISE;
      END IF;
  END;
END;
$$;


ALTER FUNCTION pgunit.test_assert_array_equals() OWNER TO postgres;

--
-- TOC entry 314 (class 1255 OID 58322)
-- Name: test_assert_equals(); Type: FUNCTION; Schema: pgunit; Owner: postgres
--

CREATE FUNCTION test_assert_equals() RETURNS void
    LANGUAGE plpgsql
    AS $$
DECLARE

  _message  varchar;
BEGIN
  _message := 'qazwsxedc';

  -- INT

  PERFORM pgunit.assert_equals(1::int, 1::int, _message);

  BEGIN
    PERFORM pgunit.assert_equals(1::int, 2::int, _message);
    RAISE EXCEPTION 'Epic fail. Line: 18';
  EXCEPTION
    WHEN others THEN
      IF SQLERRM NOT ILIKE E'#assert_equals\n%' THEN
        RAISE;
      END IF;
  END;

  BEGIN
    PERFORM pgunit.assert_equals(1::int, NULL::int, _message);
    RAISE EXCEPTION 'Epic fail. Line: 28';
  EXCEPTION
    WHEN others THEN
      IF SQLERRM NOT ILIKE E'#assert_equals\n%' THEN
        RAISE;
      END IF;
  END;

  -- INT8

  PERFORM pgunit.assert_equals(1::int8, 1::int8, _message);

  BEGIN
    PERFORM pgunit.assert_equals(1::int8, 2::int8, _message);
    RAISE EXCEPTION 'Epic fail. Line: 42';
  EXCEPTION
    WHEN others THEN
      IF SQLERRM NOT ILIKE E'#assert_equals\n%' THEN
        RAISE;
      END IF;
  END;

  -- NUMERIC

  PERFORM pgunit.assert_equals(1.1::numeric, 1.1::numeric, _message);

  BEGIN
    PERFORM pgunit.assert_equals(1.1::numeric, 1.2::numeric, _message);
    RAISE EXCEPTION 'Epic fail. Line: 56';
  EXCEPTION
    WHEN others THEN
      IF SQLERRM NOT ILIKE E'#assert_equals\n%' THEN
        RAISE;
      END IF;
  END;

  -- VARCHAR

  PERFORM pgunit.assert_equals('1.1'::varchar, '1.1'::varchar, _message);

  BEGIN
    PERFORM pgunit.assert_equals('1.1'::varchar, '1.1 '::varchar, _message);
    RAISE EXCEPTION 'Epic fail. Line: 70';
  EXCEPTION
    WHEN others THEN
      IF SQLERRM NOT ILIKE E'#assert_equals\n%' THEN
        RAISE;
      END IF;
  END;

  -- TEXT

  PERFORM pgunit.assert_equals('1.1'::text, '1.1'::text, _message);

  BEGIN
    PERFORM pgunit.assert_equals('1.1'::text, '1.1 '::text, _message);
    RAISE EXCEPTION 'Epic fail. Line: 84';
  EXCEPTION
    WHEN others THEN
      IF SQLERRM NOT ILIKE E'#assert_equals\n%' THEN
        RAISE;
      END IF;
  END;
END;
$$;


ALTER FUNCTION pgunit.test_assert_equals() OWNER TO postgres;

--
-- TOC entry 315 (class 1255 OID 58323)
-- Name: test_assert_false(); Type: FUNCTION; Schema: pgunit; Owner: postgres
--

CREATE FUNCTION test_assert_false() RETURNS void
    LANGUAGE plpgsql
    AS $$
DECLARE

  _message  varchar;
BEGIN
  _message := 'qazwsxedc';

  PERFORM pgunit.assert_false(False, _message);

  BEGIN
    PERFORM pgunit.assert_false(True, _message);
    RAISE EXCEPTION 'Epic fail. Line: 16';
  EXCEPTION
    WHEN others THEN
      IF SQLERRM NOT ILIKE E'#assert_false\n%' THEN
        RAISE;
      END IF;
  END;

  BEGIN
    PERFORM pgunit.assert_false(NULL::boolean, _message);
    RAISE EXCEPTION 'Epic fail. Line: 26';
  EXCEPTION
    WHEN others THEN
      IF SQLERRM NOT ILIKE E'#assert_false\n%' THEN
        RAISE;
      END IF;
  END;

END;
$$;


ALTER FUNCTION pgunit.test_assert_false() OWNER TO postgres;

--
-- TOC entry 316 (class 1255 OID 58324)
-- Name: test_assert_not_null(); Type: FUNCTION; Schema: pgunit; Owner: postgres
--

CREATE FUNCTION test_assert_not_null() RETURNS void
    LANGUAGE plpgsql
    AS $$
DECLARE

  _message  varchar;
BEGIN
  _message := 'qazwsxedc';

  -- INT4

  PERFORM pgunit.assert_not_null(1::int4, _message);

  BEGIN
    PERFORM pgunit.assert_not_null(NULL::int4, _message);
    RAISE EXCEPTION 'Epic fail. Line: 18';
  EXCEPTION
    WHEN others THEN
      IF SQLERRM NOT ILIKE E'#assert_not_null\n%' THEN
        RAISE;
      END IF;
  END;

  -- INT8

  PERFORM pgunit.assert_not_null(1::int8, _message);

  BEGIN
    PERFORM pgunit.assert_not_null(NULL::int8, _message);
    RAISE EXCEPTION 'Epic fail. Line: 32';
  EXCEPTION
    WHEN others THEN
      IF SQLERRM NOT ILIKE E'#assert_not_null\n%' THEN
        RAISE;
      END IF;
  END;

  -- NUMERIC

  PERFORM pgunit.assert_not_null(1.1::numeric, _message);

  BEGIN
    PERFORM pgunit.assert_not_null(NULL::numeric, _message);
    RAISE EXCEPTION 'Epic fail. Line: 46';
  EXCEPTION
    WHEN others THEN
      IF SQLERRM NOT ILIKE E'#assert_not_null\n%' THEN
        RAISE;
      END IF;
  END;

  -- VARCHAR

  PERFORM pgunit.assert_not_null('1.1'::varchar, _message);

  BEGIN
    PERFORM pgunit.assert_not_null(NULL::varchar, _message);
    RAISE EXCEPTION 'Epic fail. Line: 60';
  EXCEPTION
    WHEN others THEN
      IF SQLERRM NOT ILIKE E'#assert_not_null\n%' THEN
        RAISE;
      END IF;
  END;

  -- TEXT

  PERFORM pgunit.assert_not_null('1.1'::text, _message);

  BEGIN
    PERFORM pgunit.assert_not_null(NULL::text, _message);
    RAISE EXCEPTION 'Epic fail. Line: 74';
  EXCEPTION
    WHEN others THEN
      IF SQLERRM NOT ILIKE E'#assert_not_null\n%' THEN
        RAISE;
      END IF;
  END;
END;
$$;


ALTER FUNCTION pgunit.test_assert_not_null() OWNER TO postgres;

--
-- TOC entry 317 (class 1255 OID 58325)
-- Name: test_assert_null(); Type: FUNCTION; Schema: pgunit; Owner: postgres
--

CREATE FUNCTION test_assert_null() RETURNS void
    LANGUAGE plpgsql
    AS $$
DECLARE

  _message  varchar;
BEGIN
  _message := 'qazwsxedc';

  -- INT4

  PERFORM pgunit.assert_null(NULL::int4, _message);

  BEGIN
    PERFORM pgunit.assert_null(1::int4, _message);
    RAISE EXCEPTION 'Epic fail. Line: 18';
  EXCEPTION
    WHEN others THEN
      IF SQLERRM NOT ILIKE E'#assert_null\n%' THEN
        RAISE;
      END IF;
  END;

  -- INT8

  PERFORM pgunit.assert_null(NULL::int8, _message);


  BEGIN
    PERFORM pgunit.assert_null(1::int8, _message);
    RAISE EXCEPTION 'Epic fail. Line: 33';
  EXCEPTION
    WHEN others THEN
      IF SQLERRM NOT ILIKE E'#assert_null\n%' THEN
        RAISE;
      END IF;
  END;

  -- NUMERIC

  PERFORM pgunit.assert_null(NULL::numeric, _message);

  BEGIN
    PERFORM pgunit.assert_null(1.1::numeric, _message);
    RAISE EXCEPTION 'Epic fail. Line: 47';
  EXCEPTION
    WHEN others THEN
      IF SQLERRM NOT ILIKE E'#assert_null\n%' THEN
        RAISE;
      END IF;
  END;

  -- VARCHAR

  PERFORM pgunit.assert_null(NULL::varchar, _message);

  BEGIN
    PERFORM pgunit.assert_null('1.1'::varchar, _message);
    RAISE EXCEPTION 'Epic fail. Line: 61';
  EXCEPTION
    WHEN others THEN
      IF SQLERRM NOT ILIKE E'#assert_null\n%' THEN
        RAISE;
      END IF;
  END;

  -- TEXT

  PERFORM pgunit.assert_null(NULL::text, _message);

  BEGIN
    PERFORM pgunit.assert_null('1.1'::text, _message);
    RAISE EXCEPTION 'Epic fail. Line: 75';
  EXCEPTION
    WHEN others THEN
      IF SQLERRM NOT ILIKE E'#assert_null\n%' THEN
        RAISE;
      END IF;
  END;
END;
$$;


ALTER FUNCTION pgunit.test_assert_null() OWNER TO postgres;

--
-- TOC entry 318 (class 1255 OID 58326)
-- Name: test_assert_true(); Type: FUNCTION; Schema: pgunit; Owner: postgres
--

CREATE FUNCTION test_assert_true() RETURNS void
    LANGUAGE plpgsql
    AS $$
DECLARE
  _message  varchar;
BEGIN
  _message := 'qazwsxedc';

  PERFORM pgunit.assert_true(True, _message);

  BEGIN
    PERFORM pgunit.assert_true(False, _message);
    RAISE EXCEPTION 'Epic fail. Line: 16';
  EXCEPTION
    WHEN others THEN
      IF SQLERRM NOT ILIKE E'#assert_true\n%' THEN
        RAISE;
      END IF;
  END;

  BEGIN
    PERFORM pgunit.assert_true(NULL::boolean, _message);
    RAISE EXCEPTION 'Epic fail. Line: 26';
  EXCEPTION
    WHEN others THEN
      IF SQLERRM NOT ILIKE E'#assert_true\n%' THEN
        RAISE;
      END IF;
  END;
END;
$$;


ALTER FUNCTION pgunit.test_assert_true() OWNER TO postgres;

--
-- TOC entry 319 (class 1255 OID 58327)
-- Name: test_fail(); Type: FUNCTION; Schema: pgunit; Owner: postgres
--

CREATE FUNCTION test_fail() RETURNS void
    LANGUAGE plpgsql
    AS $$
DECLARE
  _message  text;
BEGIN
  _message := 'qazwxedc';
  BEGIN
    PERFORM pgunit.fail(_message);
    RAISE EXCEPTION 'Epic fail. Line: 14';
  EXCEPTION
    WHEN others THEN
      IF SQLERRM NOT ILIKE E'#fail\n%' THEN
        RAISE;
      END IF;
  END;
END;
$$;


ALTER FUNCTION pgunit.test_fail() OWNER TO postgres;

SET search_path = schedule, pg_catalog;

--
-- TOC entry 320 (class 1255 OID 58328)
-- Name: get_date_of_julianized_day(integer); Type: FUNCTION; Schema: schedule; Owner: postgres
--

CREATE FUNCTION get_date_of_julianized_day(__jylianized_day integer) RETURNS date
    LANGUAGE plpgsql
    AS $$
DECLARE
  _julianized_day_date date;
BEGIN

  SELECT 
    calendar.calendar_date
  FROM 
    schedule.calendar
  WHERE 
    calendar.julianized_day = __jylianized_day
  ORDER BY
    calendar.calendar_date ASC
  LIMIT 1
  INTO
    _julianized_day_date;

  IF (NOT FOUND) THEN
    RAISE EXCEPTION 'No schedule found for day number: %', __jylianized_day;
  END IF;

  RETURN _julianized_day_date;

END;
$$;


ALTER FUNCTION schedule.get_date_of_julianized_day(__jylianized_day integer) OWNER TO postgres;

--
-- TOC entry 321 (class 1255 OID 58329)
-- Name: get_julianized_day(date); Type: FUNCTION; Schema: schedule; Owner: postgres
--

CREATE FUNCTION get_julianized_day(__date date) RETURNS integer
    LANGUAGE plpgsql
    AS $$
DECLARE
  _julianized_day integer;
BEGIN

  SELECT
    calendar.julianized_day
  FROM 
    schedule.calendar
  WHERE 
    calendar.calendar_date = __date
  INTO
    _julianized_day;

  IF (NOT FOUND) THEN
    RAISE EXCEPTION 'No schedule found for date: %', __date;
  END IF;

  RETURN _julianized_day;

END;
$$;


ALTER FUNCTION schedule.get_julianized_day(__date date) OWNER TO postgres;

--
-- TOC entry 322 (class 1255 OID 58330)
-- Name: get_julianized_week(date); Type: FUNCTION; Schema: schedule; Owner: postgres
--

CREATE FUNCTION get_julianized_week(__date date) RETURNS integer
    LANGUAGE plpgsql
    AS $$
DECLARE
  _julianized_week integer;
BEGIN

  SELECT
    calendar.julianized_week
  FROM 
    schedule.calendar
  WHERE 
    calendar.calendar_date = __date
  INTO
    _julianized_week;

  IF (NOT FOUND) THEN
    RAISE EXCEPTION 'No schedule found for date: %', __date;
  END IF;

  RETURN _julianized_week;

END;
$$;


ALTER FUNCTION schedule.get_julianized_week(__date date) OWNER TO postgres;

SET search_path = tests, pg_catalog;

--
-- TOC entry 323 (class 1255 OID 58331)
-- Name: _load_data(); Type: FUNCTION; Schema: tests; Owner: postgres
--

CREATE FUNCTION _load_data() RETURNS void
    LANGUAGE plpgsql
    AS $$
BEGIN

  --SET search_path = component, pg_catalog;
  INSERT INTO inventory.assembly VALUES ('11.31.050-001', 1, '11с31п-50х40', '2017-10-21', 'ASSEMBLY');
  INSERT INTO inventory.assembly VALUES ('11.32.050-001', 1, '11с32п-50х40', '2017-10-21', 'ASSEMBLY');
  INSERT INTO inventory.assembly VALUES ('11.33.050-001', 1, '11с33п-50х40', '2017-10-21', 'ASSEMBLY');
  INSERT INTO inventory.assembly VALUES ('80.31.050-001', 1, 'Крпс-089,0х109,0', '2017-10-21', 'ASSEMBLY');
  INSERT INTO inventory.assembly VALUES ('82.31.050-001', 1, 'Рчк-250х20', '2017-10-21', 'ASSEMBLY');

  INSERT INTO inventory.buyable VALUES ('Гайка М12', 1, 'Гайка-М12', '2017-10-21', 'BUYABLE');

  INSERT INTO inventory.part VALUES ('22.16.050-001', 1, 'КТ33-50х40', '2017-10-21', 'PART');
  INSERT INTO inventory.part VALUES ('22.25.050-001', 1, 'КТ32-50х40', '2017-10-21', 'PART');
  INSERT INTO inventory.part VALUES ('40.31.050-001', 1, 'Птрб-057,0х126,0', '2017-10-21', 'PART');
  INSERT INTO inventory.part VALUES ('40.32.050-001', 1, 'Птрб-057,0х074,0', '2017-10-21', 'PART');
  INSERT INTO inventory.part VALUES ('40.33.050-001', 1, 'Птрб-057,0х054,0', '2017-10-21', 'PART');
  INSERT INTO inventory.part VALUES ('41.31.050-001', 1, 'Крпс-089,0х109,0', '2017-10-21', 'PART');
  INSERT INTO inventory.part VALUES ('42.01.050-001', 1, 'Ббшк-022,0х044,0', '2017-10-21', 'PART');
  INSERT INTO inventory.part VALUES ('50.01.050-001', 1, 'Втлк-050,0х039,0', '2017-10-21', 'PART');
  INSERT INTO inventory.part VALUES ('60.01.050-001', 1, 'ШП-068,0х052,5', '2017-10-21', 'PART');
  INSERT INTO inventory.part VALUES ('51.01.050-001', 1, 'Пржн-050,6х042,0', '2017-10-21', 'PART');
  INSERT INTO inventory.part VALUES ('61.01.050-001', 1, 'Штк-013,3х075,0', '2017-10-21', 'PART');
  INSERT INTO inventory.part VALUES ('52.01.050-001', 1, 'Шйб-051,0х042,6', '2017-10-21', 'PART');
  INSERT INTO inventory.part VALUES ('70.01.050-001', 1, 'Ф4-051,5х041,7х11,0', '2017-10-21', 'PART');
  INSERT INTO inventory.part VALUES ('71.02.050-001', 1, 'Кршк-ПП-50', '2017-10-21', 'PART');
  INSERT INTO inventory.part VALUES ('71.03.050-001', 1, 'Зглш-ПП-50', '2017-10-21', 'PART');
  INSERT INTO inventory.part VALUES ('55.31.050-001', 1, 'Рчк-250х20', '2017-10-21', 'PART');
  INSERT INTO inventory.part VALUES ('53.01.004-001', 1, 'Штфт-4', '2017-10-21', 'PART');
  INSERT INTO inventory.part VALUES ('70.04.020-001', 1, 'Клц-20', '2017-10-21', 'PART');
  INSERT INTO inventory.part VALUES ('72.01.009-001', 1, 'Клц-009', '2017-10-21', 'PART');
  INSERT INTO inventory.part VALUES ('42.02.022-001', 1, 'Втлк-Р-50х18', '2017-10-21', 'PART');

  --SET search_path = ebom, pg_catalog;
  INSERT INTO ebom.information VALUES (1, DEFAULT, '11.31.050-001', 1, '11с31п-50х40: information', '2017-10-23');
  INSERT INTO ebom.definition VALUES (1, DEFAULT, '11с31п-50х40: definition', 1, '2017-10-21', NULL, NULL, 'PROPOSED', '2017-10-21 20:55:30.985148+03', 1);
  INSERT INTO ebom.assembly VALUES (1, '80.31.050-001', 1, 1.0000, 'pcs', 'ASSEMBLY');
  INSERT INTO ebom.assembly VALUES (1, '82.31.050-001', 1, 1.0000, 'pcs', 'ASSEMBLY');
  INSERT INTO ebom.buyable VALUES (1, 'Гайка М12', 1, 1.0000, 'pcs', 'BUYABLE');
  INSERT INTO ebom.part VALUES (1, '40.31.050-001', 1, 2.0000, 'pcs', 'PART');
  INSERT INTO ebom.part VALUES (1, '50.01.050-001', 1, 2.0000, 'pcs', 'PART');
  INSERT INTO ebom.part VALUES (1, '51.01.050-001', 1, 2.0000, 'pcs', 'PART');
  INSERT INTO ebom.part VALUES (1, '52.01.050-001', 1, 2.0000, 'pcs', 'PART');
  INSERT INTO ebom.part VALUES (1, '53.01.004-001', 1, 1.0000, 'pcs', 'PART');
  INSERT INTO ebom.part VALUES (1, '60.01.050-001', 1, 1.0000, 'pcs', 'PART');
  INSERT INTO ebom.part VALUES (1, '61.01.050-001', 1, 1.0000, 'pcs', 'PART');
  INSERT INTO ebom.part VALUES (1, '70.01.050-001', 1, 2.0000, 'pcs', 'PART');
  INSERT INTO ebom.part VALUES (1, '70.04.020-001', 1, 1.0000, 'pcs', 'PART');
  INSERT INTO ebom.part VALUES (1, '72.01.009-001', 1, 2.0000, 'pcs', 'PART');

  --SET search_path = material, pg_catalog;
  INSERT INTO inventory.consumable VALUES ('22.16.050-001', 1, 'КТ33-50х40', '2017-10-22', 'CONSUMABLE');
  INSERT INTO inventory.consumable VALUES ('22.25.050-001', 1, 'КТ32-50х40', '2017-10-22', 'CONSUMABLE');
  INSERT INTO inventory.consumable VALUES ('40.31.050-001', 1, 'Птрб-057,0х126,0', '2017-10-22', 'CONSUMABLE');
  INSERT INTO inventory.consumable VALUES ('40.32.050-001', 1, 'Птрб-057,0х074,0', '2017-10-22', 'CONSUMABLE');
  INSERT INTO inventory.consumable VALUES ('40.33.050-001', 1, 'Птрб-057,0х054,0', '2017-10-22', 'CONSUMABLE');
  INSERT INTO inventory.consumable VALUES ('41.31.050-001', 1, 'Крпс-089,0х109,0', '2017-10-22', 'CONSUMABLE');
  INSERT INTO inventory.consumable VALUES ('42.01.050-001', 1, 'Ббшк-022,0х044,0', '2017-10-22', 'CONSUMABLE');
  INSERT INTO inventory.consumable VALUES ('50.01.050-001', 1, 'Втлк-050,0х039,0', '2017-10-22', 'CONSUMABLE');
  INSERT INTO inventory.consumable VALUES ('60.01.050-001', 1, 'ШП-068,0х052,5', '2017-10-22', 'CONSUMABLE');
  INSERT INTO inventory.consumable VALUES ('51.01.050-001', 1, 'Пржн-050,6х042,0', '2017-10-22', 'CONSUMABLE');
  INSERT INTO inventory.consumable VALUES ('61.01.050-001', 1, 'Штк-013,3х075,0', '2017-10-22', 'CONSUMABLE');
  INSERT INTO inventory.consumable VALUES ('52.01.050-001', 1, 'Шйб-051,0х042,6', '2017-10-22', 'CONSUMABLE');
  INSERT INTO inventory.consumable VALUES ('70.01.050-001', 1, 'Ф4-051,5х041,7х11,0', '2017-10-22', 'CONSUMABLE');
  INSERT INTO inventory.consumable VALUES ('71.02.050-001', 1, 'Кршк-ПП-50', '2017-10-22', 'CONSUMABLE');
  INSERT INTO inventory.consumable VALUES ('71.03.050-001', 1, 'Зглш-ПП-50', '2017-10-22', 'CONSUMABLE');
  INSERT INTO inventory.consumable VALUES ('55.31.050-001', 1, 'Рчк-250х20', '2017-10-22', 'CONSUMABLE');
  INSERT INTO inventory.consumable VALUES ('53.01.004-001', 1, 'Штфт-4', '2017-10-22', 'CONSUMABLE');
  INSERT INTO inventory.consumable VALUES ('70.04.020-001', 1, 'Клц-20', '2017-10-22', 'CONSUMABLE');
  INSERT INTO inventory.consumable VALUES ('72.01.009-001', 1, 'Клц-009', '2017-10-22', 'CONSUMABLE');
  INSERT INTO inventory.consumable VALUES ('42.02.022-001', 1, 'Втлк-Р-50х18', '2017-10-22', 'CONSUMABLE');
  INSERT INTO inventory.consumable VALUES ('80.31.050-001', 1, 'Крпс-089,0х109,0', '2017-10-22', 'CONSUMABLE');
  INSERT INTO inventory.consumable VALUES ('82.31.050-001', 1, 'Рчк-250х20', '2017-10-22', 'CONSUMABLE');
  INSERT INTO inventory.consumable VALUES ('53.01.004-001.010', 1, 'Штфт-004,0х012,0', '2017-10-22', 'CONSUMABLE');
  INSERT INTO inventory.consumable VALUES ('40.31.050-001.010', 1, 'Птрб-057,0х126,0', '2017-10-22', 'CONSUMABLE');
  INSERT INTO inventory.consumable VALUES ('82.31.050-001.010', 1, 'Рчк-250х20', '2017-10-22', 'CONSUMABLE');
  INSERT INTO inventory.consumable VALUES ('40.32.050-001.010', 1, 'Птрб-057,0х074,0', '2017-10-22', 'CONSUMABLE');
  INSERT INTO inventory.consumable VALUES ('80.31.050-001.010', 1, 'Крпс-089,0х109,0', '2017-10-22', 'CONSUMABLE');
  INSERT INTO inventory.consumable VALUES ('60.01.050-001.020', 1, 'ШП-068,0х052,5', '2017-10-22', 'CONSUMABLE');
  INSERT INTO inventory.consumable VALUES ('22.25.050-001.030', 1, 'КТ32-50х40', '2017-10-22', 'CONSUMABLE');
  INSERT INTO inventory.consumable VALUES ('40.33.050-001.010', 1, 'Птрб-057,0х054,0', '2017-10-22', 'CONSUMABLE');
  INSERT INTO inventory.consumable VALUES ('51.01.050-001.010', 1, 'Пржн-050,6х042,0', '2017-10-22', 'CONSUMABLE');
  INSERT INTO inventory.consumable VALUES ('60.01.050-001.010', 1, 'ШП-068,0х052,5', '2017-10-22', 'CONSUMABLE');
  INSERT INTO inventory.consumable VALUES ('60.01.050-001.030', 1, 'ШП-068,0х052,5', '2017-10-22', 'CONSUMABLE');
  INSERT INTO inventory.consumable VALUES ('41.31.050-001.010', 1, 'Крпс-089,0х109,0', '2017-10-22', 'CONSUMABLE');
  INSERT INTO inventory.consumable VALUES ('41.31.050-001.020', 1, 'Крпс-089,0х109,0', '2017-10-22', 'CONSUMABLE');
  INSERT INTO inventory.consumable VALUES ('60.01.050-001.011', 1, 'ШП-068,0х052,5', '2017-10-22', 'CONSUMABLE');
  INSERT INTO inventory.consumable VALUES ('22.16.050-001.030', 1, 'КТ33-50х40', '2017-10-22', 'CONSUMABLE');
  INSERT INTO inventory.consumable VALUES ('Гайка М12', 1, 'Гайка М12', '2017-10-24', 'CONSUMABLE');

  INSERT INTO inventory.primal VALUES ('Квд-080х080-ст3ПС', 1, 'Квд-ст3ПС-080х080', '2017-10-22', 'PRIMAL');
  INSERT INTO inventory.primal VALUES ('Крг-004,0-ст45', 1, 'Крг-ст45-004,0', '2017-10-22', 'PRIMAL');
  INSERT INTO inventory.primal VALUES ('Крг-016-ст20Х13', 1, 'Крг-ст20Х13-016', '2017-10-22', 'PRIMAL');
  INSERT INTO inventory.primal VALUES ('Крг-022-ст20', 1, 'Крг-ст20-022', '2017-10-22', 'PRIMAL');
  INSERT INTO inventory.primal VALUES ('Лст-000,8-ст08Х17', 1, 'Лст-ст08Х17-000,8', '2017-10-22', 'PRIMAL');
  INSERT INTO inventory.primal VALUES ('Лст-001,0-ст08Х17', 1, 'Лст-ст08Х17-001,0', '2017-10-22', 'PRIMAL');
  INSERT INTO inventory.primal VALUES ('Лст-001,2-ст65Г', 1, 'Лст-ст65Г-001,2', '2017-10-22', 'PRIMAL');
  INSERT INTO inventory.primal VALUES ('Лст-003,0-ст3', 1, 'Лст-ст3-003,0', '2017-10-22', 'PRIMAL');
  INSERT INTO inventory.primal VALUES ('Лст-004,4-ст08Х17', 1, 'Лст-ст08Х17-004,4', '2017-10-22', 'PRIMAL');
  INSERT INTO inventory.primal VALUES ('ПЕ 15803-020', 1, 'ПЕ 15803-020', '2017-10-22', 'PRIMAL');
  INSERT INTO inventory.primal VALUES ('Плс-020х4-ст3', 1, 'Плс-ст3-020х4', '2017-10-22', 'PRIMAL');
  INSERT INTO inventory.primal VALUES ('Трб-057,0х03,5-ст20-Ш', 1, 'Трб-ст20-057,0х03,5-Ш', '2017-10-22', 'PRIMAL');
  INSERT INTO inventory.primal VALUES ('Трб-068,0х03,5-ст20Х13', 1, 'Трб-ст20Х13-068,0х03,5', '2017-10-22', 'PRIMAL');
  INSERT INTO inventory.primal VALUES ('Трб-068,0х04,0-ст20Х13', 1, 'Трб-ст20Х13-068,0х04,0', '2017-10-22', 'PRIMAL');
  INSERT INTO inventory.primal VALUES ('Трб-089,0х03,0-ст20-Ш', 1, 'Трб-ст20-089,0х03,0-Ш', '2017-10-22', 'PRIMAL');
  INSERT INTO inventory.primal VALUES ('Трб-089,0х03,5-ст20-Ш', 1, 'Трб-ст20-089,0х03,5-Ш', '2017-10-22', 'PRIMAL');
  INSERT INTO inventory.primal VALUES ('Ф-4', 1, 'Ф-4', '2017-10-22', 'PRIMAL');

  INSERT INTO inventory.producible VALUES ('22.16.050-001', 1, 'КТ33-50х40', '2017-10-22', 'PRODUCIBLE');
  INSERT INTO inventory.producible VALUES ('22.25.050-001', 1, 'КТ32-50х40', '2017-10-22', 'PRODUCIBLE');
  INSERT INTO inventory.producible VALUES ('40.31.050-001', 1, 'Птрб-057,0х126,0', '2017-10-22', 'PRODUCIBLE');
  INSERT INTO inventory.producible VALUES ('40.32.050-001', 1, 'Птрб-057,0х074,0', '2017-10-22', 'PRODUCIBLE');
  INSERT INTO inventory.producible VALUES ('40.33.050-001', 1, 'Птрб-057,0х054,0', '2017-10-22', 'PRODUCIBLE');
  INSERT INTO inventory.producible VALUES ('41.31.050-001', 1, 'Крпс-089,0х109,0', '2017-10-22', 'PRODUCIBLE');
  INSERT INTO inventory.producible VALUES ('42.01.050-001', 1, 'Ббшк-022,0х044,0', '2017-10-22', 'PRODUCIBLE');
  INSERT INTO inventory.producible VALUES ('50.01.050-001', 1, 'Втлк-050,0х039,0', '2017-10-22', 'PRODUCIBLE');
  INSERT INTO inventory.producible VALUES ('60.01.050-001', 1, 'ШП-068,0х052,5', '2017-10-22', 'PRODUCIBLE');
  INSERT INTO inventory.producible VALUES ('51.01.050-001', 1, 'Пржн-050,6х042,0', '2017-10-22', 'PRODUCIBLE');
  INSERT INTO inventory.producible VALUES ('61.01.050-001', 1, 'Штк-013,3х075,0', '2017-10-22', 'PRODUCIBLE');
  INSERT INTO inventory.producible VALUES ('52.01.050-001', 1, 'Шйб-051,0х042,6', '2017-10-22', 'PRODUCIBLE');
  INSERT INTO inventory.producible VALUES ('70.01.050-001', 1, 'Ф4-051,5х041,7х11,0', '2017-10-22', 'PRODUCIBLE');
  INSERT INTO inventory.producible VALUES ('71.02.050-001', 1, 'Кршк-ПП-50', '2017-10-22', 'PRODUCIBLE');
  INSERT INTO inventory.producible VALUES ('71.03.050-001', 1, 'Зглш-ПП-50', '2017-10-22', 'PRODUCIBLE');
  INSERT INTO inventory.producible VALUES ('55.31.050-001', 1, 'Рчк-250х20', '2017-10-22', 'PRODUCIBLE');
  INSERT INTO inventory.producible VALUES ('53.01.004-001', 1, 'Штфт-4', '2017-10-22', 'PRODUCIBLE');
  INSERT INTO inventory.producible VALUES ('70.04.020-001', 1, 'Клц-20', '2017-10-22', 'PRODUCIBLE');
  INSERT INTO inventory.producible VALUES ('72.01.009-001', 1, 'Клц-009', '2017-10-22', 'PRODUCIBLE');
  INSERT INTO inventory.producible VALUES ('42.02.022-001', 1, 'Втлк-Р-50х18', '2017-10-22', 'PRODUCIBLE');
  INSERT INTO inventory.producible VALUES ('11.31.050-001', 1, '11с31п-50х40', '2017-10-22', 'PRODUCIBLE');
  INSERT INTO inventory.producible VALUES ('11.32.050-001', 1, '11с32п-50х40', '2017-10-22', 'PRODUCIBLE');
  INSERT INTO inventory.producible VALUES ('11.33.050-001', 1, '11с33п-50х40', '2017-10-22', 'PRODUCIBLE');
  INSERT INTO inventory.producible VALUES ('80.31.050-001', 1, 'Крпс-089,0х109,0', '2017-10-22', 'PRODUCIBLE');
  INSERT INTO inventory.producible VALUES ('82.31.050-001', 1, 'Рчк-250х20', '2017-10-22', 'PRODUCIBLE');
  INSERT INTO inventory.producible VALUES ('53.01.004-001.010', 1, 'Штфт-004,0х012,0', '2017-10-22', 'PRODUCIBLE');
  INSERT INTO inventory.producible VALUES ('40.31.050-001.010', 1, 'Птрб-057,0х126,0', '2017-10-22', 'PRODUCIBLE');
  INSERT INTO inventory.producible VALUES ('82.31.050-001.010', 1, 'Рчк-250х20', '2017-10-22', 'PRODUCIBLE');
  INSERT INTO inventory.producible VALUES ('40.32.050-001.010', 1, 'Птрб-057,0х074,0', '2017-10-22', 'PRODUCIBLE');
  INSERT INTO inventory.producible VALUES ('80.31.050-001.010', 1, 'Крпс-089,0х109,0', '2017-10-22', 'PRODUCIBLE');
  INSERT INTO inventory.producible VALUES ('60.01.050-001.020', 1, 'ШП-068,0х052,5', '2017-10-22', 'PRODUCIBLE');
  INSERT INTO inventory.producible VALUES ('22.25.050-001.030', 1, 'КТ32-50х40', '2017-10-22', 'PRODUCIBLE');
  INSERT INTO inventory.producible VALUES ('40.33.050-001.010', 1, 'Птрб-057,0х054,0', '2017-10-22', 'PRODUCIBLE');
  INSERT INTO inventory.producible VALUES ('51.01.050-001.010', 1, 'Пржн-050,6х042,0', '2017-10-22', 'PRODUCIBLE');
  INSERT INTO inventory.producible VALUES ('60.01.050-001.010', 1, 'ШП-068,0х052,5', '2017-10-22', 'PRODUCIBLE');
  INSERT INTO inventory.producible VALUES ('60.01.050-001.030', 1, 'ШП-068,0х052,5', '2017-10-22', 'PRODUCIBLE');
  INSERT INTO inventory.producible VALUES ('41.31.050-001.010', 1, 'Крпс-089,0х109,0', '2017-10-22', 'PRODUCIBLE');
  INSERT INTO inventory.producible VALUES ('41.31.050-001.020', 1, 'Крпс-089,0х109,0', '2017-10-22', 'PRODUCIBLE');
  INSERT INTO inventory.producible VALUES ('60.01.050-001.011', 1, 'ШП-068,0х052,5', '2017-10-22', 'PRODUCIBLE');
  INSERT INTO inventory.producible VALUES ('22.16.050-001.030', 1, 'КТ33-50х40', '2017-10-22', 'PRODUCIBLE');

END;
$$;


ALTER FUNCTION tests._load_data() OWNER TO postgres;

--
-- TOC entry 324 (class 1255 OID 58333)
-- Name: _reset_data(); Type: FUNCTION; Schema: tests; Owner: postgres
--

CREATE FUNCTION _reset_data() RETURNS void
    LANGUAGE plpgsql
    AS $$
BEGIN
  /*
  SELECT 'TRUNCATE TABLE ' || table_schema || '.' ||table_name || ' CASCADE;'
  FROM information_schema.tables
  WHERE table_schema NOT IN ('pg_catalog', 'information_schema', 'public', 'tests', 'common')
  ORDER BY table_schema,table_name;
  */
  TRUNCATE TABLE binding.ebom_to_mbom CASCADE;
  TRUNCATE TABLE binding.ebom_to_product CASCADE;
  TRUNCATE TABLE binding.ebom_to_route CASCADE;
  TRUNCATE TABLE binding.mbom_to_operation CASCADE;
  TRUNCATE TABLE binding.mbom_to_product CASCADE;
  TRUNCATE TABLE binding.operation_to_product CASCADE;
  TRUNCATE TABLE binding.route_to_mbom CASCADE;
  TRUNCATE TABLE binding.route_to_operation CASCADE;
  TRUNCATE TABLE ebom.assembly CASCADE;
  TRUNCATE TABLE ebom.buyable CASCADE;
  TRUNCATE TABLE ebom.component CASCADE;
  TRUNCATE TABLE ebom.definition CASCADE;
  TRUNCATE TABLE ebom.information CASCADE;
  TRUNCATE TABLE ebom.part CASCADE;
  TRUNCATE TABLE inventory.information CASCADE;
  TRUNCATE TABLE inventory.salable CASCADE;
  TRUNCATE TABLE inventory.consumable CASCADE;
  TRUNCATE TABLE inventory.information CASCADE;
  TRUNCATE TABLE inventory.primal CASCADE;
  TRUNCATE TABLE inventory.producible CASCADE;
  TRUNCATE TABLE inventory.assembly CASCADE;
  TRUNCATE TABLE inventory.buyable CASCADE;
  TRUNCATE TABLE inventory.information CASCADE;
  TRUNCATE TABLE inventory.part CASCADE;
  TRUNCATE TABLE mbom.consumable CASCADE;
  TRUNCATE TABLE mbom.definition CASCADE;
  TRUNCATE TABLE mbom.information CASCADE;
  TRUNCATE TABLE mbom.material CASCADE;
  TRUNCATE TABLE mbom.primal CASCADE;
  TRUNCATE TABLE operation.consumable CASCADE;
  TRUNCATE TABLE operation.definition CASCADE;
  TRUNCATE TABLE operation.dependency CASCADE;
  TRUNCATE TABLE operation.equipment CASCADE;
  TRUNCATE TABLE operation.information CASCADE;
  TRUNCATE TABLE operation.material CASCADE;
  TRUNCATE TABLE operation.personnel CASCADE;
  TRUNCATE TABLE operation.primal CASCADE;
  TRUNCATE TABLE operation.segment CASCADE;
  TRUNCATE TABLE operation.tooling CASCADE;
  TRUNCATE TABLE product.consumable CASCADE;
  TRUNCATE TABLE product.definition CASCADE;
  TRUNCATE TABLE product.dependency CASCADE;
  TRUNCATE TABLE product.equipment CASCADE;
  TRUNCATE TABLE product.information CASCADE;
  TRUNCATE TABLE product.material CASCADE;
  TRUNCATE TABLE product.personnel CASCADE;
  TRUNCATE TABLE product.primal CASCADE;
  TRUNCATE TABLE product.segment CASCADE;
  TRUNCATE TABLE product.tooling CASCADE;
  TRUNCATE TABLE route.consumable CASCADE;
  TRUNCATE TABLE route.definition CASCADE;
  TRUNCATE TABLE route.information CASCADE;
  TRUNCATE TABLE route.location CASCADE;
  TRUNCATE TABLE route.primal CASCADE;
  TRUNCATE TABLE route.segment CASCADE;
  /*
  SELECT 'ALTER SEQUENCE ' || sequence_schema || '.' || sequence_name || ' RESTART WITH 1;'
  FROM information_schema.sequences
  WHERE sequence_catalog = 'mes' AND sequence_schema != 'common'
  ORDER by sequence_schema, sequence_name;
  */
  ALTER SEQUENCE ebom.definition_id_seq RESTART WITH 1;
  ALTER SEQUENCE ebom.information_id_seq RESTART WITH 1;
  ALTER SEQUENCE mbom.definition_id_seq RESTART WITH 1;
  ALTER SEQUENCE mbom.information_id_seq RESTART WITH 1;
  ALTER SEQUENCE operation.definition_id_seq RESTART WITH 1;
  ALTER SEQUENCE operation.information_id_seq RESTART WITH 1;
  ALTER SEQUENCE operation.segment_id_seq RESTART WITH 1;
  ALTER SEQUENCE product.definition_id_seq RESTART WITH 1;
  ALTER SEQUENCE product.information_id_seq RESTART WITH 1;
  ALTER SEQUENCE product.segment_id_seq RESTART WITH 1;
  ALTER SEQUENCE route.definition_id_seq RESTART WITH 1;
  ALTER SEQUENCE route.information_id_seq RESTART WITH 1;
END;
$$;


ALTER FUNCTION tests._reset_data() OWNER TO postgres;

--
-- TOC entry 325 (class 1255 OID 58334)
-- Name: _run_all(); Type: FUNCTION; Schema: tests; Owner: postgres
--

CREATE FUNCTION _run_all() RETURNS void
    LANGUAGE plpgsql
    AS $$
DECLARE
  _result text;
  _routines record;
  --_function_to_run text;
  _ok_count int DEFAULT 0;
  _error_count int DEFAULT 0;
  _failed_tests text[];
BEGIN
  SET search_path = tests, pg_catalog;
  SET client_min_messages = 'debug';
  FOR _routines IN
    SELECT
      routines.routine_name || '()' AS _function_to_run
    FROM
      information_schema.routines
    WHERE
      routines.specific_schema = 'tests' AND routines.routine_name like '\_\_%'
    ORDER BY
      routines.specific_schema, routines.routine_name
  LOOP
    _result := pgunit.run_test(_routines._function_to_run);
    RAISE NOTICE 'PERFORMING: % , RESULT: %', _routines._function_to_run, _result;
    IF (_result = '#OK') THEN
      _ok_count := _ok_count + 1;
    ELSE
      _error_count := _error_count + 1;
      _failed_tests := array_append(_failed_tests, _routines._function_to_run);
    END IF;
  END LOOP;
  RAISE NOTICE 'OK - %; ERROR - %;', _ok_count, _error_count;
  IF (_error_count > 0) THEN
  RAISE NOTICE 'FAILED: %;', _failed_tests;
  END IF;
END;
$$;


ALTER FUNCTION tests._run_all() OWNER TO postgres;

SET search_path = uom, pg_catalog;

--
-- TOC entry 326 (class 1255 OID 58335)
-- Name: get_domain(character varying); Type: FUNCTION; Schema: uom; Owner: postgres
--

CREATE FUNCTION get_domain(_uom_code character varying) RETURNS character varying
    LANGUAGE plpgsql
    AS $$
BEGIN

  RETURN uom_domain FROM uom.information WHERE uom_code = _uom_code;

END;
$$;


ALTER FUNCTION uom.get_domain(_uom_code character varying) OWNER TO postgres;

--
-- TOC entry 327 (class 1255 OID 58336)
-- Name: get_factor(character varying, character varying); Type: FUNCTION; Schema: uom; Owner: postgres
--

CREATE FUNCTION get_factor(_uom_code_src character varying, _uom_code_dst character varying) RETURNS double precision
    LANGUAGE plpgsql
    AS $$
DECLARE
  __factor_1 double precision;
  __factor_2 double precision;
  __uom_domain_from character varying;
  __uom_domain_to character varying;

BEGIN

  -- визначити домен одиниці виміру, з якої приводимо
  __uom_domain_from := uom.get_domain(_uom_code := _uom_code_src);

  -- визначити домен одиниці виміру, до якої приводимо
  __uom_domain_to := uom.get_domain(_uom_code := _uom_code_dst);

  IF (__uom_domain_from = __uom_domain_to) THEN
    -- привести з вказаної одиниці до базової Сі = *
    __factor_1 := factor
      FROM 
        uom.information
      WHERE 
        uom_code = _uom_code_src;

    -- привести з базової Сі до вказаної = /
    __factor_2 := factor
      FROM 
        uom.information
      WHERE 
        uom_code = _uom_code_dst;

    RETURN __factor_1 / __factor_2;

  ELSE
    RAISE EXCEPTION 'units of measure are not in the same domain: "%" and "%"', _uom_code_src, _uom_code_dst;
    RETURN NULL;
  END IF;

END;
$$;


ALTER FUNCTION uom.get_factor(_uom_code_src character varying, _uom_code_dst character varying) OWNER TO postgres;

SET search_path = common, pg_catalog;

SET default_tablespace = '';

SET default_with_oids = false;

--
-- TOC entry 209 (class 1259 OID 58337)
-- Name: settings; Type: TABLE; Schema: common; Owner: postgres
--

CREATE TABLE settings (
    parameter_name character varying NOT NULL,
    parameter_value character varying
);


ALTER TABLE settings OWNER TO postgres;

SET search_path = equipment, pg_catalog;

--
-- TOC entry 210 (class 1259 OID 58343)
-- Name: information; Type: TABLE; Schema: equipment; Owner: postgres
--

CREATE TABLE information (
    id bigint NOT NULL,
    gid uuid DEFAULT public.uuid_generate_v1() NOT NULL,
    equipment_code character varying NOT NULL,
    version_num integer NOT NULL,
    display_name character varying NOT NULL,
    published_date date DEFAULT now() NOT NULL
);


ALTER TABLE information OWNER TO postgres;

--
-- TOC entry 211 (class 1259 OID 58351)
-- Name: information_id_seq; Type: SEQUENCE; Schema: equipment; Owner: postgres
--

CREATE SEQUENCE information_id_seq
    START WITH 1
    INCREMENT BY 1
    NO MINVALUE
    NO MAXVALUE
    CACHE 1;


ALTER TABLE information_id_seq OWNER TO postgres;

--
-- TOC entry 3526 (class 0 OID 0)
-- Dependencies: 211
-- Name: information_id_seq; Type: SEQUENCE OWNED BY; Schema: equipment; Owner: postgres
--

ALTER SEQUENCE information_id_seq OWNED BY information.id;


SET search_path = facility, pg_catalog;

--
-- TOC entry 212 (class 1259 OID 58353)
-- Name: information; Type: TABLE; Schema: facility; Owner: postgres
--

CREATE TABLE information (
    id bigint NOT NULL,
    gid uuid DEFAULT public.uuid_generate_v1() NOT NULL,
    facility_code character varying NOT NULL,
    version_num integer DEFAULT 1 NOT NULL,
    display_name character varying NOT NULL,
    published_date date DEFAULT now() NOT NULL,
    parent_facility_code character varying,
    facility_type common.facility_kind NOT NULL
);


ALTER TABLE information OWNER TO postgres;

--
-- TOC entry 3527 (class 0 OID 0)
-- Dependencies: 212
-- Name: COLUMN information.facility_type; Type: COMMENT; Schema: facility; Owner: postgres
--

COMMENT ON COLUMN information.facility_type IS 'PERA organization level';


--
-- TOC entry 213 (class 1259 OID 58362)
-- Name: area; Type: TABLE; Schema: facility; Owner: postgres
--

CREATE TABLE area (
    CONSTRAINT area_facility_type_check CHECK ((facility_type = 'AREA'::common.facility_kind))
)
INHERITS (information);


ALTER TABLE area OWNER TO postgres;

--
-- TOC entry 3528 (class 0 OID 0)
-- Dependencies: 213
-- Name: TABLE area; Type: COMMENT; Schema: facility; Owner: postgres
--

COMMENT ON TABLE area IS 'PERA model level-2';


--
-- TOC entry 214 (class 1259 OID 58371)
-- Name: enterprise; Type: TABLE; Schema: facility; Owner: postgres
--

CREATE TABLE enterprise (
    CONSTRAINT enterprise_facility_type_check CHECK ((facility_type = 'ENTERPRISE'::common.facility_kind))
)
INHERITS (information);


ALTER TABLE enterprise OWNER TO postgres;

--
-- TOC entry 3529 (class 0 OID 0)
-- Dependencies: 214
-- Name: TABLE enterprise; Type: COMMENT; Schema: facility; Owner: postgres
--

COMMENT ON TABLE enterprise IS 'PERA model level-0';


--
-- TOC entry 215 (class 1259 OID 58380)
-- Name: information_id_seq; Type: SEQUENCE; Schema: facility; Owner: postgres
--

CREATE SEQUENCE information_id_seq
    START WITH 1
    INCREMENT BY 1
    NO MINVALUE
    NO MAXVALUE
    CACHE 1;


ALTER TABLE information_id_seq OWNER TO postgres;

--
-- TOC entry 3530 (class 0 OID 0)
-- Dependencies: 215
-- Name: information_id_seq; Type: SEQUENCE OWNED BY; Schema: facility; Owner: postgres
--

ALTER SEQUENCE information_id_seq OWNED BY information.id;


--
-- TOC entry 238 (class 1259 OID 58665)
-- Name: line; Type: TABLE; Schema: facility; Owner: postgres
--

CREATE TABLE line (
    CONSTRAINT line_facility_type_check CHECK ((facility_type = 'LINE'::common.facility_kind))
)
INHERITS (information);


ALTER TABLE line OWNER TO postgres;

--
-- TOC entry 3531 (class 0 OID 0)
-- Dependencies: 238
-- Name: TABLE line; Type: COMMENT; Schema: facility; Owner: postgres
--

COMMENT ON TABLE line IS 'PERA model level-3 (production line)';


--
-- TOC entry 216 (class 1259 OID 58400)
-- Name: site; Type: TABLE; Schema: facility; Owner: postgres
--

CREATE TABLE site (
    CONSTRAINT site_facility_type_check CHECK ((facility_type = 'SITE'::common.facility_kind)),
    CONSTRAINT site_parent_facility_code_check CHECK ((parent_facility_code IS NOT NULL))
)
INHERITS (information);


ALTER TABLE site OWNER TO postgres;

--
-- TOC entry 3532 (class 0 OID 0)
-- Dependencies: 216
-- Name: TABLE site; Type: COMMENT; Schema: facility; Owner: postgres
--

COMMENT ON TABLE site IS 'PERA model level-1';


--
-- TOC entry 239 (class 1259 OID 58675)
-- Name: zone; Type: TABLE; Schema: facility; Owner: postgres
--

CREATE TABLE zone (
    CONSTRAINT zone_facility_type_check CHECK ((facility_type = 'ZONE'::common.facility_kind))
)
INHERITS (information);


ALTER TABLE zone OWNER TO postgres;

--
-- TOC entry 3533 (class 0 OID 0)
-- Dependencies: 239
-- Name: TABLE zone; Type: COMMENT; Schema: facility; Owner: postgres
--

COMMENT ON TABLE zone IS 'PERA model level-3 (storge zone)';


SET search_path = inventory, pg_catalog;

--
-- TOC entry 217 (class 1259 OID 58410)
-- Name: definition; Type: TABLE; Schema: inventory; Owner: postgres
--

CREATE TABLE definition (
    id bigint NOT NULL,
    gid uuid DEFAULT public.uuid_generate_v1() NOT NULL,
    display_name character varying,
    version_num integer DEFAULT 1 NOT NULL,
    published_date date DEFAULT now() NOT NULL,
    prev_fsmt common.document_fsmt,
    prev_fsmt_date timestamp with time zone,
    curr_fsmt common.document_fsmt DEFAULT 'PROPOSED'::common.document_fsmt NOT NULL,
    curr_fsmt_date timestamp with time zone DEFAULT now() NOT NULL,
    information_id bigint,
    uom_code character varying DEFAULT 'pcs'::character varying NOT NULL
);


ALTER TABLE definition OWNER TO postgres;

--
-- TOC entry 218 (class 1259 OID 58422)
-- Name: definition_id_seq; Type: SEQUENCE; Schema: inventory; Owner: postgres
--

CREATE SEQUENCE definition_id_seq
    START WITH 1
    INCREMENT BY 1
    NO MINVALUE
    NO MAXVALUE
    CACHE 1;


ALTER TABLE definition_id_seq OWNER TO postgres;

--
-- TOC entry 3534 (class 0 OID 0)
-- Dependencies: 218
-- Name: definition_id_seq; Type: SEQUENCE OWNED BY; Schema: inventory; Owner: postgres
--

ALTER SEQUENCE definition_id_seq OWNED BY definition.id;


--
-- TOC entry 219 (class 1259 OID 58424)
-- Name: information; Type: TABLE; Schema: inventory; Owner: postgres
--

CREATE TABLE information (
    id bigint NOT NULL,
    gid uuid DEFAULT public.uuid_generate_v1() NOT NULL,
    part_code character varying NOT NULL,
    display_name character varying,
    published_date date DEFAULT now() NOT NULL
);


ALTER TABLE information OWNER TO postgres;

--
-- TOC entry 220 (class 1259 OID 58432)
-- Name: information_id_seq; Type: SEQUENCE; Schema: inventory; Owner: postgres
--

CREATE SEQUENCE information_id_seq
    START WITH 1
    INCREMENT BY 1
    NO MINVALUE
    NO MAXVALUE
    CACHE 1;


ALTER TABLE information_id_seq OWNER TO postgres;

--
-- TOC entry 3535 (class 0 OID 0)
-- Dependencies: 220
-- Name: information_id_seq; Type: SEQUENCE OWNED BY; Schema: inventory; Owner: postgres
--

ALTER SEQUENCE information_id_seq OWNED BY information.id;


--
-- TOC entry 221 (class 1259 OID 58434)
-- Name: measurement; Type: TABLE; Schema: inventory; Owner: postgres
--

CREATE TABLE measurement (
    definition_id bigint NOT NULL,
    uom_code character varying NOT NULL,
    factor numeric
);


ALTER TABLE measurement OWNER TO postgres;

--
-- TOC entry 222 (class 1259 OID 58440)
-- Name: variety; Type: TABLE; Schema: inventory; Owner: postgres
--

CREATE TABLE variety (
    definition_id bigint NOT NULL,
    inventory_type common.inventory_kind NOT NULL
);


ALTER TABLE variety OWNER TO postgres;

SET search_path = personnel, pg_catalog;

--
-- TOC entry 223 (class 1259 OID 58443)
-- Name: information; Type: TABLE; Schema: personnel; Owner: postgres
--

CREATE TABLE information (
    id bigint NOT NULL,
    gid uuid DEFAULT public.uuid_generate_v1() NOT NULL,
    personnel_code character varying NOT NULL,
    version_num integer NOT NULL,
    display_name character varying NOT NULL,
    published_date date DEFAULT now() NOT NULL
);


ALTER TABLE information OWNER TO postgres;

--
-- TOC entry 224 (class 1259 OID 58451)
-- Name: information_id_seq; Type: SEQUENCE; Schema: personnel; Owner: postgres
--

CREATE SEQUENCE information_id_seq
    START WITH 1
    INCREMENT BY 1
    NO MINVALUE
    NO MAXVALUE
    CACHE 1;


ALTER TABLE information_id_seq OWNER TO postgres;

--
-- TOC entry 3536 (class 0 OID 0)
-- Dependencies: 224
-- Name: information_id_seq; Type: SEQUENCE OWNED BY; Schema: personnel; Owner: postgres
--

ALTER SEQUENCE information_id_seq OWNED BY information.id;


SET search_path = schedule, pg_catalog;

--
-- TOC entry 225 (class 1259 OID 58453)
-- Name: calendar; Type: TABLE; Schema: schedule; Owner: postgres
--

CREATE TABLE calendar (
    calendar_date date NOT NULL,
    day_number integer,
    week_number integer,
    julianized_day integer,
    julianized_week integer
);


ALTER TABLE calendar OWNER TO postgres;

SET search_path = tests, pg_catalog;

--
-- TOC entry 226 (class 1259 OID 58456)
-- Name: pgunit_covarage; Type: VIEW; Schema: tests; Owner: postgres
--

CREATE VIEW pgunit_covarage AS
 SELECT ((('__'::text || (routines.specific_schema)::text) || '__'::text) || (routines.routine_name)::text) AS _function_to_run
   FROM information_schema.routines
  WHERE (((routines.specific_schema)::text <> ALL (ARRAY[('tests'::character varying)::text, ('pgunit'::character varying)::text, ('public'::character varying)::text, ('pg_catalog'::character varying)::text, ('information_schema'::character varying)::text])) AND ((routines.routine_name)::text !~~ 'disall%'::text))
EXCEPT
 SELECT routines.routine_name AS _function_to_run
   FROM information_schema.routines
  WHERE (((routines.specific_schema)::text = 'tests'::text) AND ((routines.routine_name)::text ~~ '\_\_%'::text))
  ORDER BY 1;


ALTER TABLE pgunit_covarage OWNER TO postgres;

--
-- TOC entry 227 (class 1259 OID 58461)
-- Name: plpgsql_check_all; Type: VIEW; Schema: tests; Owner: postgres
--

CREATE VIEW plpgsql_check_all AS
 SELECT ((ss.pcf).functionid)::regprocedure AS functionid,
    (ss.pcf).lineno AS lineno,
    (ss.pcf).statement AS statement,
    (ss.pcf).sqlstate AS sqlstate,
    (ss.pcf).message AS message,
    (ss.pcf).detail AS detail,
    (ss.pcf).hint AS hint,
    (ss.pcf).level AS level,
    (ss.pcf)."position" AS "position",
    (ss.pcf).query AS query,
    (ss.pcf).context AS context
   FROM ( SELECT public.plpgsql_check_function_tb((pg_proc.oid)::regprocedure, (COALESCE(pg_trigger.tgrelid, (0)::oid))::regclass) AS pcf
           FROM (pg_proc
             LEFT JOIN pg_trigger ON ((pg_trigger.tgfoid = pg_proc.oid)))
          WHERE ((pg_proc.prolang = ( SELECT lang.oid
                   FROM pg_language lang
                  WHERE (lang.lanname = 'plpgsql'::name))) AND (pg_proc.pronamespace <> ( SELECT nsp.oid
                   FROM pg_namespace nsp
                  WHERE (nsp.nspname = 'pg_catalog'::name))) AND ((pg_proc.prorettype <> ( SELECT typ.oid
                   FROM pg_type typ
                  WHERE (typ.typname = 'trigger'::name))) OR (pg_trigger.tgfoid IS NOT NULL)))
         OFFSET 0) ss
  ORDER BY (((ss.pcf).functionid)::regprocedure)::text, (ss.pcf).lineno;


ALTER TABLE plpgsql_check_all OWNER TO postgres;

--
-- TOC entry 228 (class 1259 OID 58466)
-- Name: plpgsql_check_nontriggered; Type: VIEW; Schema: tests; Owner: postgres
--

CREATE VIEW plpgsql_check_nontriggered AS
 SELECT p.oid,
    p.proname,
    public.plpgsql_check_function((p.oid)::regprocedure) AS plpgsql_check_function
   FROM ((pg_namespace n
     JOIN pg_proc p ON ((p.pronamespace = n.oid)))
     JOIN pg_language l ON ((p.prolang = l.oid)))
  WHERE ((l.lanname = 'plpgsql'::name) AND (p.prorettype <> (2279)::oid));


ALTER TABLE plpgsql_check_nontriggered OWNER TO postgres;

SET search_path = tooling, pg_catalog;

--
-- TOC entry 229 (class 1259 OID 58471)
-- Name: information; Type: TABLE; Schema: tooling; Owner: postgres
--

CREATE TABLE information (
    id bigint NOT NULL,
    gid uuid DEFAULT public.uuid_generate_v1() NOT NULL,
    tooling_code character varying NOT NULL,
    version_num integer NOT NULL,
    display_name character varying NOT NULL,
    published_date date DEFAULT now() NOT NULL
);


ALTER TABLE information OWNER TO postgres;

--
-- TOC entry 230 (class 1259 OID 58479)
-- Name: information_id_seq; Type: SEQUENCE; Schema: tooling; Owner: postgres
--

CREATE SEQUENCE information_id_seq
    START WITH 1
    INCREMENT BY 1
    NO MINVALUE
    NO MAXVALUE
    CACHE 1;


ALTER TABLE information_id_seq OWNER TO postgres;

--
-- TOC entry 3537 (class 0 OID 0)
-- Dependencies: 230
-- Name: information_id_seq; Type: SEQUENCE OWNED BY; Schema: tooling; Owner: postgres
--

ALTER SEQUENCE information_id_seq OWNED BY information.id;


SET search_path = transactor, pg_catalog;

--
-- TOC entry 231 (class 1259 OID 58481)
-- Name: information; Type: TABLE; Schema: transactor; Owner: postgres
--

CREATE TABLE information (
    id bigint NOT NULL,
    gid uuid DEFAULT public.uuid_generate_v1() NOT NULL,
    transactor_code character varying NOT NULL,
    version_num integer NOT NULL,
    display_name character varying NOT NULL,
    published_date date DEFAULT now() NOT NULL
);


ALTER TABLE information OWNER TO postgres;

--
-- TOC entry 232 (class 1259 OID 58489)
-- Name: customer; Type: TABLE; Schema: transactor; Owner: postgres
--

CREATE TABLE customer (
)
INHERITS (information);


ALTER TABLE customer OWNER TO postgres;

--
-- TOC entry 233 (class 1259 OID 58497)
-- Name: information_id_seq; Type: SEQUENCE; Schema: transactor; Owner: postgres
--

CREATE SEQUENCE information_id_seq
    START WITH 1
    INCREMENT BY 1
    NO MINVALUE
    NO MAXVALUE
    CACHE 1;


ALTER TABLE information_id_seq OWNER TO postgres;

--
-- TOC entry 3538 (class 0 OID 0)
-- Dependencies: 233
-- Name: information_id_seq; Type: SEQUENCE OWNED BY; Schema: transactor; Owner: postgres
--

ALTER SEQUENCE information_id_seq OWNED BY information.id;


--
-- TOC entry 234 (class 1259 OID 58499)
-- Name: supplier; Type: TABLE; Schema: transactor; Owner: postgres
--

CREATE TABLE supplier (
)
INHERITS (information);


ALTER TABLE supplier OWNER TO postgres;

SET search_path = uom, pg_catalog;

--
-- TOC entry 235 (class 1259 OID 58507)
-- Name: assignment; Type: TABLE; Schema: uom; Owner: postgres
--

CREATE TABLE assignment (
    uom_role_id bigint NOT NULL,
    uom_role_code character varying(100),
    uom_role_name character varying(300)
);


ALTER TABLE assignment OWNER TO postgres;

--
-- TOC entry 3539 (class 0 OID 0)
-- Dependencies: 235
-- Name: TABLE assignment; Type: COMMENT; Schema: uom; Owner: postgres
--

COMMENT ON TABLE assignment IS 'uom role';


--
-- TOC entry 236 (class 1259 OID 58510)
-- Name: information; Type: TABLE; Schema: uom; Owner: postgres
--

CREATE TABLE information (
    uom_code character varying(4) NOT NULL,
    uom_domain character varying(10),
    base_uom_code character varying,
    factor double precision
);


ALTER TABLE information OWNER TO postgres;

--
-- TOC entry 237 (class 1259 OID 58516)
-- Name: uom_role_uom_role_id_seq; Type: SEQUENCE; Schema: uom; Owner: postgres
--

CREATE SEQUENCE uom_role_uom_role_id_seq
    START WITH 1
    INCREMENT BY 1
    NO MINVALUE
    NO MAXVALUE
    CACHE 1;


ALTER TABLE uom_role_uom_role_id_seq OWNER TO postgres;

--
-- TOC entry 3540 (class 0 OID 0)
-- Dependencies: 237
-- Name: uom_role_uom_role_id_seq; Type: SEQUENCE OWNED BY; Schema: uom; Owner: postgres
--

ALTER SEQUENCE uom_role_uom_role_id_seq OWNED BY assignment.uom_role_id;


SET search_path = equipment, pg_catalog;

--
-- TOC entry 3225 (class 2604 OID 58518)
-- Name: information id; Type: DEFAULT; Schema: equipment; Owner: postgres
--

ALTER TABLE ONLY information ALTER COLUMN id SET DEFAULT nextval('information_id_seq'::regclass);


SET search_path = facility, pg_catalog;

--
-- TOC entry 3230 (class 2604 OID 58519)
-- Name: area id; Type: DEFAULT; Schema: facility; Owner: postgres
--

ALTER TABLE ONLY area ALTER COLUMN id SET DEFAULT nextval('information_id_seq'::regclass);


--
-- TOC entry 3231 (class 2604 OID 58520)
-- Name: area gid; Type: DEFAULT; Schema: facility; Owner: postgres
--

ALTER TABLE ONLY area ALTER COLUMN gid SET DEFAULT public.uuid_generate_v1();


--
-- TOC entry 3232 (class 2604 OID 58521)
-- Name: area version_num; Type: DEFAULT; Schema: facility; Owner: postgres
--

ALTER TABLE ONLY area ALTER COLUMN version_num SET DEFAULT 1;


--
-- TOC entry 3233 (class 2604 OID 58522)
-- Name: area published_date; Type: DEFAULT; Schema: facility; Owner: postgres
--

ALTER TABLE ONLY area ALTER COLUMN published_date SET DEFAULT now();


--
-- TOC entry 3235 (class 2604 OID 58523)
-- Name: enterprise id; Type: DEFAULT; Schema: facility; Owner: postgres
--

ALTER TABLE ONLY enterprise ALTER COLUMN id SET DEFAULT nextval('information_id_seq'::regclass);


--
-- TOC entry 3236 (class 2604 OID 58524)
-- Name: enterprise gid; Type: DEFAULT; Schema: facility; Owner: postgres
--

ALTER TABLE ONLY enterprise ALTER COLUMN gid SET DEFAULT public.uuid_generate_v1();


--
-- TOC entry 3237 (class 2604 OID 58525)
-- Name: enterprise version_num; Type: DEFAULT; Schema: facility; Owner: postgres
--

ALTER TABLE ONLY enterprise ALTER COLUMN version_num SET DEFAULT 1;


--
-- TOC entry 3238 (class 2604 OID 58526)
-- Name: enterprise published_date; Type: DEFAULT; Schema: facility; Owner: postgres
--

ALTER TABLE ONLY enterprise ALTER COLUMN published_date SET DEFAULT now();


--
-- TOC entry 3229 (class 2604 OID 58527)
-- Name: information id; Type: DEFAULT; Schema: facility; Owner: postgres
--

ALTER TABLE ONLY information ALTER COLUMN id SET DEFAULT nextval('information_id_seq'::regclass);


--
-- TOC entry 3272 (class 2604 OID 58668)
-- Name: line id; Type: DEFAULT; Schema: facility; Owner: postgres
--

ALTER TABLE ONLY line ALTER COLUMN id SET DEFAULT nextval('information_id_seq'::regclass);


--
-- TOC entry 3273 (class 2604 OID 58669)
-- Name: line gid; Type: DEFAULT; Schema: facility; Owner: postgres
--

ALTER TABLE ONLY line ALTER COLUMN gid SET DEFAULT public.uuid_generate_v1();


--
-- TOC entry 3274 (class 2604 OID 58670)
-- Name: line version_num; Type: DEFAULT; Schema: facility; Owner: postgres
--

ALTER TABLE ONLY line ALTER COLUMN version_num SET DEFAULT 1;


--
-- TOC entry 3275 (class 2604 OID 58671)
-- Name: line published_date; Type: DEFAULT; Schema: facility; Owner: postgres
--

ALTER TABLE ONLY line ALTER COLUMN published_date SET DEFAULT now();


--
-- TOC entry 3240 (class 2604 OID 58532)
-- Name: site id; Type: DEFAULT; Schema: facility; Owner: postgres
--

ALTER TABLE ONLY site ALTER COLUMN id SET DEFAULT nextval('information_id_seq'::regclass);


--
-- TOC entry 3241 (class 2604 OID 58533)
-- Name: site gid; Type: DEFAULT; Schema: facility; Owner: postgres
--

ALTER TABLE ONLY site ALTER COLUMN gid SET DEFAULT public.uuid_generate_v1();


--
-- TOC entry 3242 (class 2604 OID 58534)
-- Name: site version_num; Type: DEFAULT; Schema: facility; Owner: postgres
--

ALTER TABLE ONLY site ALTER COLUMN version_num SET DEFAULT 1;


--
-- TOC entry 3243 (class 2604 OID 58535)
-- Name: site published_date; Type: DEFAULT; Schema: facility; Owner: postgres
--

ALTER TABLE ONLY site ALTER COLUMN published_date SET DEFAULT now();


--
-- TOC entry 3277 (class 2604 OID 58678)
-- Name: zone id; Type: DEFAULT; Schema: facility; Owner: postgres
--

ALTER TABLE ONLY zone ALTER COLUMN id SET DEFAULT nextval('information_id_seq'::regclass);


--
-- TOC entry 3278 (class 2604 OID 58679)
-- Name: zone gid; Type: DEFAULT; Schema: facility; Owner: postgres
--

ALTER TABLE ONLY zone ALTER COLUMN gid SET DEFAULT public.uuid_generate_v1();


--
-- TOC entry 3279 (class 2604 OID 58680)
-- Name: zone version_num; Type: DEFAULT; Schema: facility; Owner: postgres
--

ALTER TABLE ONLY zone ALTER COLUMN version_num SET DEFAULT 1;


--
-- TOC entry 3280 (class 2604 OID 58681)
-- Name: zone published_date; Type: DEFAULT; Schema: facility; Owner: postgres
--

ALTER TABLE ONLY zone ALTER COLUMN published_date SET DEFAULT now();


SET search_path = inventory, pg_catalog;

--
-- TOC entry 3252 (class 2604 OID 58540)
-- Name: definition id; Type: DEFAULT; Schema: inventory; Owner: postgres
--

ALTER TABLE ONLY definition ALTER COLUMN id SET DEFAULT nextval('definition_id_seq'::regclass);


--
-- TOC entry 3255 (class 2604 OID 58541)
-- Name: information id; Type: DEFAULT; Schema: inventory; Owner: postgres
--

ALTER TABLE ONLY information ALTER COLUMN id SET DEFAULT nextval('information_id_seq'::regclass);


SET search_path = personnel, pg_catalog;

--
-- TOC entry 3258 (class 2604 OID 58542)
-- Name: information id; Type: DEFAULT; Schema: personnel; Owner: postgres
--

ALTER TABLE ONLY information ALTER COLUMN id SET DEFAULT nextval('information_id_seq'::regclass);


SET search_path = tooling, pg_catalog;

--
-- TOC entry 3261 (class 2604 OID 58543)
-- Name: information id; Type: DEFAULT; Schema: tooling; Owner: postgres
--

ALTER TABLE ONLY information ALTER COLUMN id SET DEFAULT nextval('information_id_seq'::regclass);


SET search_path = transactor, pg_catalog;

--
-- TOC entry 3265 (class 2604 OID 58544)
-- Name: customer id; Type: DEFAULT; Schema: transactor; Owner: postgres
--

ALTER TABLE ONLY customer ALTER COLUMN id SET DEFAULT nextval('information_id_seq'::regclass);


--
-- TOC entry 3266 (class 2604 OID 58545)
-- Name: customer gid; Type: DEFAULT; Schema: transactor; Owner: postgres
--

ALTER TABLE ONLY customer ALTER COLUMN gid SET DEFAULT public.uuid_generate_v1();


--
-- TOC entry 3267 (class 2604 OID 58546)
-- Name: customer published_date; Type: DEFAULT; Schema: transactor; Owner: postgres
--

ALTER TABLE ONLY customer ALTER COLUMN published_date SET DEFAULT now();


--
-- TOC entry 3264 (class 2604 OID 58547)
-- Name: information id; Type: DEFAULT; Schema: transactor; Owner: postgres
--

ALTER TABLE ONLY information ALTER COLUMN id SET DEFAULT nextval('information_id_seq'::regclass);


--
-- TOC entry 3268 (class 2604 OID 58548)
-- Name: supplier id; Type: DEFAULT; Schema: transactor; Owner: postgres
--

ALTER TABLE ONLY supplier ALTER COLUMN id SET DEFAULT nextval('information_id_seq'::regclass);


--
-- TOC entry 3269 (class 2604 OID 58549)
-- Name: supplier gid; Type: DEFAULT; Schema: transactor; Owner: postgres
--

ALTER TABLE ONLY supplier ALTER COLUMN gid SET DEFAULT public.uuid_generate_v1();


--
-- TOC entry 3270 (class 2604 OID 58550)
-- Name: supplier published_date; Type: DEFAULT; Schema: transactor; Owner: postgres
--

ALTER TABLE ONLY supplier ALTER COLUMN published_date SET DEFAULT now();


SET search_path = uom, pg_catalog;

--
-- TOC entry 3271 (class 2604 OID 58551)
-- Name: assignment uom_role_id; Type: DEFAULT; Schema: uom; Owner: postgres
--

ALTER TABLE ONLY assignment ALTER COLUMN uom_role_id SET DEFAULT nextval('uom_role_uom_role_id_seq'::regclass);


SET search_path = common, pg_catalog;

--
-- TOC entry 3482 (class 0 OID 58337)
-- Dependencies: 209
-- Data for Name: settings; Type: TABLE DATA; Schema: common; Owner: postgres
--

INSERT INTO settings VALUES ('measurement_apply_latency', '2');


SET search_path = equipment, pg_catalog;

--
-- TOC entry 3483 (class 0 OID 58343)
-- Dependencies: 210
-- Data for Name: information; Type: TABLE DATA; Schema: equipment; Owner: postgres
--



--
-- TOC entry 3541 (class 0 OID 0)
-- Dependencies: 211
-- Name: information_id_seq; Type: SEQUENCE SET; Schema: equipment; Owner: postgres
--

SELECT pg_catalog.setval('information_id_seq', 1, false);


SET search_path = facility, pg_catalog;

--
-- TOC entry 3486 (class 0 OID 58362)
-- Dependencies: 213
-- Data for Name: area; Type: TABLE DATA; Schema: facility; Owner: postgres
--

INSERT INTO area VALUES (3, '00f11b88-fc89-11e7-b381-d4bed939923a', 'A01', 1, 'A01', '2018-01-18', 'S01', 'AREA');
INSERT INTO area VALUES (11, '2f3546bc-fca3-11e7-9533-d4bed939923a', 'A04', 1, 'A04', '2018-01-18', 'S01', 'AREA');


--
-- TOC entry 3487 (class 0 OID 58371)
-- Dependencies: 214
-- Data for Name: enterprise; Type: TABLE DATA; Schema: facility; Owner: postgres
--

INSERT INTO enterprise VALUES (1, 'd344d486-fc88-11e7-aa48-d4bed939923a', 'E01', 1, 'E01', '2018-01-18', NULL, 'ENTERPRISE');


--
-- TOC entry 3485 (class 0 OID 58353)
-- Dependencies: 212
-- Data for Name: information; Type: TABLE DATA; Schema: facility; Owner: postgres
--



--
-- TOC entry 3542 (class 0 OID 0)
-- Dependencies: 215
-- Name: information_id_seq; Type: SEQUENCE SET; Schema: facility; Owner: postgres
--

SELECT pg_catalog.setval('information_id_seq', 13, true);


--
-- TOC entry 3508 (class 0 OID 58665)
-- Dependencies: 238
-- Data for Name: line; Type: TABLE DATA; Schema: facility; Owner: postgres
--

INSERT INTO line VALUES (4, '1e749946-fc89-11e7-b4dd-d4bed939923a', 'L01', 1, 'L01', '2018-01-18', 'A01', 'LINE');
INSERT INTO line VALUES (6, 'f0f0aacc-fca2-11e7-952e-d4bed939923a', 'L02', 1, 'L02', '2018-01-18', 'A01', 'LINE');
INSERT INTO line VALUES (7, 'fcead30c-fca2-11e7-952f-d4bed939923a', 'L03', 1, 'L03', '2018-01-18', 'A01', 'LINE');
INSERT INTO line VALUES (9, '087b7910-fca3-11e7-9531-d4bed939923a', 'L04', 1, 'L04', '2018-01-18', 'A01', 'LINE');


--
-- TOC entry 3489 (class 0 OID 58400)
-- Dependencies: 216
-- Data for Name: site; Type: TABLE DATA; Schema: facility; Owner: postgres
--

INSERT INTO site VALUES (2, 'e975ae6a-fc88-11e7-a8d5-d4bed939923a', 'S01', 1, 'S01', '2018-01-18', 'E01', 'SITE');
INSERT INTO site VALUES (12, '38c2ed2e-fca3-11e7-9534-d4bed939923a', 'S04', 1, 'S04', '2018-01-18', 'E01', 'SITE');


--
-- TOC entry 3509 (class 0 OID 58675)
-- Dependencies: 239
-- Data for Name: zone; Type: TABLE DATA; Schema: facility; Owner: postgres
--



SET search_path = inventory, pg_catalog;

--
-- TOC entry 3490 (class 0 OID 58410)
-- Dependencies: 217
-- Data for Name: definition; Type: TABLE DATA; Schema: inventory; Owner: postgres
--

INSERT INTO definition VALUES (1, 'c9000ec8-fa3a-11e7-9489-d4bed939923a', 'fl-16-50', 1, '2018-01-15', NULL, NULL, 'PROPOSED', '2018-01-15 23:26:44.534271+02', 1, 'pcs');
INSERT INTO definition VALUES (2, 'd83fb96a-fa3a-11e7-948a-d4bed939923a', 'fl-25-50', 1, '2018-01-15', NULL, NULL, 'PROPOSED', '2018-01-15 23:27:10.118984+02', 2, 'pcs');
INSERT INTO definition VALUES (3, '9d521068-fa3b-11e7-ac45-d4bed939923a', 'pipe-076x3', 1, '2018-01-15', NULL, NULL, 'PROPOSED', '2018-01-15 23:32:40.748622+02', 4, 'kg');


--
-- TOC entry 3543 (class 0 OID 0)
-- Dependencies: 218
-- Name: definition_id_seq; Type: SEQUENCE SET; Schema: inventory; Owner: postgres
--

SELECT pg_catalog.setval('definition_id_seq', 3, true);


--
-- TOC entry 3492 (class 0 OID 58424)
-- Dependencies: 219
-- Data for Name: information; Type: TABLE DATA; Schema: inventory; Owner: postgres
--

INSERT INTO information VALUES (1, 'a711da30-fa3a-11e7-8e63-d4bed939923a', '22.16.050-001', 'fl-16-50', '2018-01-15');
INSERT INTO information VALUES (2, 'b39a3ff4-fa3a-11e7-8e64-d4bed939923a', '22.25.050-001', 'fl-25-50', '2018-01-15');
INSERT INTO information VALUES (3, 'f08b5682-fa3a-11e7-86da-d4bed939923a', '22.40.050-001', 'fl-40-50', '2018-01-15');
INSERT INTO information VALUES (4, '7edbcfd4-fa3b-11e7-b771-d4bed939923a', 'pipe-076x3', 'pipe-076x3', '2018-01-15');


--
-- TOC entry 3544 (class 0 OID 0)
-- Dependencies: 220
-- Name: information_id_seq; Type: SEQUENCE SET; Schema: inventory; Owner: postgres
--

SELECT pg_catalog.setval('information_id_seq', 4, true);


--
-- TOC entry 3494 (class 0 OID 58434)
-- Dependencies: 221
-- Data for Name: measurement; Type: TABLE DATA; Schema: inventory; Owner: postgres
--

INSERT INTO measurement VALUES (1, 'pcs', 1);
INSERT INTO measurement VALUES (2, 'pcs', 1);
INSERT INTO measurement VALUES (3, 'm', 25);


--
-- TOC entry 3495 (class 0 OID 58440)
-- Dependencies: 222
-- Data for Name: variety; Type: TABLE DATA; Schema: inventory; Owner: postgres
--

INSERT INTO variety VALUES (1, 'PART');
INSERT INTO variety VALUES (1, 'PRODUCIBLE');
INSERT INTO variety VALUES (1, 'SALABLE');
INSERT INTO variety VALUES (1, 'STORABLE');
INSERT INTO variety VALUES (2, 'PART');
INSERT INTO variety VALUES (2, 'PRODUCIBLE');
INSERT INTO variety VALUES (2, 'SALABLE');
INSERT INTO variety VALUES (2, 'STORABLE');
INSERT INTO variety VALUES (3, 'STORABLE');
INSERT INTO variety VALUES (3, 'BUYABLE');
INSERT INTO variety VALUES (3, 'CONSUMABLE');
INSERT INTO variety VALUES (3, 'PRIMAL');


SET search_path = personnel, pg_catalog;

--
-- TOC entry 3496 (class 0 OID 58443)
-- Dependencies: 223
-- Data for Name: information; Type: TABLE DATA; Schema: personnel; Owner: postgres
--



--
-- TOC entry 3545 (class 0 OID 0)
-- Dependencies: 224
-- Name: information_id_seq; Type: SEQUENCE SET; Schema: personnel; Owner: postgres
--

SELECT pg_catalog.setval('information_id_seq', 1, false);


SET search_path = schedule, pg_catalog;

--
-- TOC entry 3498 (class 0 OID 58453)
-- Dependencies: 225
-- Data for Name: calendar; Type: TABLE DATA; Schema: schedule; Owner: postgres
--



SET search_path = tooling, pg_catalog;

--
-- TOC entry 3499 (class 0 OID 58471)
-- Dependencies: 229
-- Data for Name: information; Type: TABLE DATA; Schema: tooling; Owner: postgres
--



--
-- TOC entry 3546 (class 0 OID 0)
-- Dependencies: 230
-- Name: information_id_seq; Type: SEQUENCE SET; Schema: tooling; Owner: postgres
--

SELECT pg_catalog.setval('information_id_seq', 1, false);


SET search_path = transactor, pg_catalog;

--
-- TOC entry 3502 (class 0 OID 58489)
-- Dependencies: 232
-- Data for Name: customer; Type: TABLE DATA; Schema: transactor; Owner: postgres
--



--
-- TOC entry 3501 (class 0 OID 58481)
-- Dependencies: 231
-- Data for Name: information; Type: TABLE DATA; Schema: transactor; Owner: postgres
--



--
-- TOC entry 3547 (class 0 OID 0)
-- Dependencies: 233
-- Name: information_id_seq; Type: SEQUENCE SET; Schema: transactor; Owner: postgres
--

SELECT pg_catalog.setval('information_id_seq', 1, false);


--
-- TOC entry 3504 (class 0 OID 58499)
-- Dependencies: 234
-- Data for Name: supplier; Type: TABLE DATA; Schema: transactor; Owner: postgres
--



SET search_path = uom, pg_catalog;

--
-- TOC entry 3505 (class 0 OID 58507)
-- Dependencies: 235
-- Data for Name: assignment; Type: TABLE DATA; Schema: uom; Owner: postgres
--



--
-- TOC entry 3506 (class 0 OID 58510)
-- Dependencies: 236
-- Data for Name: information; Type: TABLE DATA; Schema: uom; Owner: postgres
--

INSERT INTO information VALUES ('kg', 'MASS', 'kg', 1);
INSERT INTO information VALUES ('m', 'LENGHT', 'm', 1);
INSERT INTO information VALUES ('pcs', 'QUANTITY', 'pcs', 1);
INSERT INTO information VALUES ('g', 'MASS', 'kg', 0.00100000000000000002);
INSERT INTO information VALUES ('t', 'MASS', 'kg', 1000);
INSERT INTO information VALUES ('mm', 'LENGHT', 'm', 0.00100000000000000002);
INSERT INTO information VALUES ('km', 'LENGHT', 'm', 1000);
INSERT INTO information VALUES ('cm', 'LENGHT', 'm', 0.0100000000000000002);
INSERT INTO information VALUES ('l', 'VOLUME', 'l', 1);
INSERT INTO information VALUES ('ml', 'VOLUME', 'l', 0.00100000000000000002);


--
-- TOC entry 3548 (class 0 OID 0)
-- Dependencies: 237
-- Name: uom_role_uom_role_id_seq; Type: SEQUENCE SET; Schema: uom; Owner: postgres
--

SELECT pg_catalog.setval('uom_role_uom_role_id_seq', 1, false);


SET search_path = common, pg_catalog;

--
-- TOC entry 3283 (class 2606 OID 58553)
-- Name: settings wms_settings_pkey; Type: CONSTRAINT; Schema: common; Owner: postgres
--

ALTER TABLE ONLY settings
    ADD CONSTRAINT wms_settings_pkey PRIMARY KEY (parameter_name);


SET search_path = equipment, pg_catalog;

--
-- TOC entry 3285 (class 2606 OID 58555)
-- Name: information information_equipment_code_version_num_key; Type: CONSTRAINT; Schema: equipment; Owner: postgres
--

ALTER TABLE ONLY information
    ADD CONSTRAINT information_equipment_code_version_num_key UNIQUE (equipment_code, version_num);


--
-- TOC entry 3287 (class 2606 OID 58557)
-- Name: information information_gid_key; Type: CONSTRAINT; Schema: equipment; Owner: postgres
--

ALTER TABLE ONLY information
    ADD CONSTRAINT information_gid_key UNIQUE (gid);


--
-- TOC entry 3289 (class 2606 OID 58559)
-- Name: information information_pkey; Type: CONSTRAINT; Schema: equipment; Owner: postgres
--

ALTER TABLE ONLY information
    ADD CONSTRAINT information_pkey PRIMARY KEY (id);


SET search_path = facility, pg_catalog;

--
-- TOC entry 3293 (class 2606 OID 58561)
-- Name: area area_facility_code_key; Type: CONSTRAINT; Schema: facility; Owner: postgres
--

ALTER TABLE ONLY area
    ADD CONSTRAINT area_facility_code_key UNIQUE (facility_code);


--
-- TOC entry 3295 (class 2606 OID 58563)
-- Name: area area_pkey; Type: CONSTRAINT; Schema: facility; Owner: postgres
--

ALTER TABLE ONLY area
    ADD CONSTRAINT area_pkey PRIMARY KEY (id);


--
-- TOC entry 3297 (class 2606 OID 58565)
-- Name: enterprise enterprise_facility_code_key; Type: CONSTRAINT; Schema: facility; Owner: postgres
--

ALTER TABLE ONLY enterprise
    ADD CONSTRAINT enterprise_facility_code_key UNIQUE (facility_code);


--
-- TOC entry 3299 (class 2606 OID 58567)
-- Name: enterprise enterprise_pkey; Type: CONSTRAINT; Schema: facility; Owner: postgres
--

ALTER TABLE ONLY enterprise
    ADD CONSTRAINT enterprise_pkey PRIMARY KEY (id);


--
-- TOC entry 3291 (class 2606 OID 58569)
-- Name: information information_pkey; Type: CONSTRAINT; Schema: facility; Owner: postgres
--

ALTER TABLE ONLY information
    ADD CONSTRAINT information_pkey PRIMARY KEY (id);


--
-- TOC entry 3347 (class 2606 OID 58688)
-- Name: line line_facility_code_key; Type: CONSTRAINT; Schema: facility; Owner: postgres
--

ALTER TABLE ONLY line
    ADD CONSTRAINT line_facility_code_key UNIQUE (facility_code);


--
-- TOC entry 3349 (class 2606 OID 58686)
-- Name: line line_pkey; Type: CONSTRAINT; Schema: facility; Owner: postgres
--

ALTER TABLE ONLY line
    ADD CONSTRAINT line_pkey PRIMARY KEY (id);


--
-- TOC entry 3301 (class 2606 OID 58575)
-- Name: site site_facility_code_key; Type: CONSTRAINT; Schema: facility; Owner: postgres
--

ALTER TABLE ONLY site
    ADD CONSTRAINT site_facility_code_key UNIQUE (facility_code);


--
-- TOC entry 3303 (class 2606 OID 58577)
-- Name: site site_pkey; Type: CONSTRAINT; Schema: facility; Owner: postgres
--

ALTER TABLE ONLY site
    ADD CONSTRAINT site_pkey PRIMARY KEY (id);


--
-- TOC entry 3351 (class 2606 OID 58707)
-- Name: zone zone_facility_code_key; Type: CONSTRAINT; Schema: facility; Owner: postgres
--

ALTER TABLE ONLY zone
    ADD CONSTRAINT zone_facility_code_key UNIQUE (facility_code);


--
-- TOC entry 3353 (class 2606 OID 58700)
-- Name: zone zone_pkey; Type: CONSTRAINT; Schema: facility; Owner: postgres
--

ALTER TABLE ONLY zone
    ADD CONSTRAINT zone_pkey PRIMARY KEY (id);


SET search_path = inventory, pg_catalog;

--
-- TOC entry 3305 (class 2606 OID 58583)
-- Name: definition definition_gid_key; Type: CONSTRAINT; Schema: inventory; Owner: postgres
--

ALTER TABLE ONLY definition
    ADD CONSTRAINT definition_gid_key UNIQUE (gid);


--
-- TOC entry 3307 (class 2606 OID 58585)
-- Name: definition definition_information_id_version_num_key; Type: CONSTRAINT; Schema: inventory; Owner: postgres
--

ALTER TABLE ONLY definition
    ADD CONSTRAINT definition_information_id_version_num_key UNIQUE (information_id, version_num);


--
-- TOC entry 3309 (class 2606 OID 58587)
-- Name: definition definition_pkey; Type: CONSTRAINT; Schema: inventory; Owner: postgres
--

ALTER TABLE ONLY definition
    ADD CONSTRAINT definition_pkey PRIMARY KEY (id);


--
-- TOC entry 3311 (class 2606 OID 58589)
-- Name: information information_gid_key; Type: CONSTRAINT; Schema: inventory; Owner: postgres
--

ALTER TABLE ONLY information
    ADD CONSTRAINT information_gid_key UNIQUE (gid);


--
-- TOC entry 3313 (class 2606 OID 58591)
-- Name: information information_part_code; Type: CONSTRAINT; Schema: inventory; Owner: postgres
--

ALTER TABLE ONLY information
    ADD CONSTRAINT information_part_code UNIQUE (part_code);


--
-- TOC entry 3315 (class 2606 OID 58593)
-- Name: information information_pkey; Type: CONSTRAINT; Schema: inventory; Owner: postgres
--

ALTER TABLE ONLY information
    ADD CONSTRAINT information_pkey PRIMARY KEY (id);


--
-- TOC entry 3319 (class 2606 OID 58595)
-- Name: variety kind_pkey; Type: CONSTRAINT; Schema: inventory; Owner: postgres
--

ALTER TABLE ONLY variety
    ADD CONSTRAINT kind_pkey PRIMARY KEY (definition_id, inventory_type);


--
-- TOC entry 3317 (class 2606 OID 58597)
-- Name: measurement measurement_pkey; Type: CONSTRAINT; Schema: inventory; Owner: postgres
--

ALTER TABLE ONLY measurement
    ADD CONSTRAINT measurement_pkey PRIMARY KEY (definition_id, uom_code);


SET search_path = personnel, pg_catalog;

--
-- TOC entry 3321 (class 2606 OID 58599)
-- Name: information information_gid_key; Type: CONSTRAINT; Schema: personnel; Owner: postgres
--

ALTER TABLE ONLY information
    ADD CONSTRAINT information_gid_key UNIQUE (gid);


--
-- TOC entry 3323 (class 2606 OID 58601)
-- Name: information information_personnel_code_version_num_key; Type: CONSTRAINT; Schema: personnel; Owner: postgres
--

ALTER TABLE ONLY information
    ADD CONSTRAINT information_personnel_code_version_num_key UNIQUE (personnel_code, version_num);


--
-- TOC entry 3325 (class 2606 OID 58603)
-- Name: information information_pkey; Type: CONSTRAINT; Schema: personnel; Owner: postgres
--

ALTER TABLE ONLY information
    ADD CONSTRAINT information_pkey PRIMARY KEY (id);


SET search_path = schedule, pg_catalog;

--
-- TOC entry 3327 (class 2606 OID 58605)
-- Name: calendar calendar_pkey; Type: CONSTRAINT; Schema: schedule; Owner: postgres
--

ALTER TABLE ONLY calendar
    ADD CONSTRAINT calendar_pkey PRIMARY KEY (calendar_date);


SET search_path = tooling, pg_catalog;

--
-- TOC entry 3329 (class 2606 OID 58607)
-- Name: information information_gid_key; Type: CONSTRAINT; Schema: tooling; Owner: postgres
--

ALTER TABLE ONLY information
    ADD CONSTRAINT information_gid_key UNIQUE (gid);


--
-- TOC entry 3331 (class 2606 OID 58609)
-- Name: information information_pkey; Type: CONSTRAINT; Schema: tooling; Owner: postgres
--

ALTER TABLE ONLY information
    ADD CONSTRAINT information_pkey PRIMARY KEY (id);


--
-- TOC entry 3333 (class 2606 OID 58611)
-- Name: information information_tooling_code_version_num_key; Type: CONSTRAINT; Schema: tooling; Owner: postgres
--

ALTER TABLE ONLY information
    ADD CONSTRAINT information_tooling_code_version_num_key UNIQUE (tooling_code, version_num);


SET search_path = transactor, pg_catalog;

--
-- TOC entry 3335 (class 2606 OID 58613)
-- Name: information information_gid_key; Type: CONSTRAINT; Schema: transactor; Owner: postgres
--

ALTER TABLE ONLY information
    ADD CONSTRAINT information_gid_key UNIQUE (gid);


--
-- TOC entry 3337 (class 2606 OID 58615)
-- Name: information information_pkey; Type: CONSTRAINT; Schema: transactor; Owner: postgres
--

ALTER TABLE ONLY information
    ADD CONSTRAINT information_pkey PRIMARY KEY (id);


--
-- TOC entry 3339 (class 2606 OID 58617)
-- Name: information information_transactor_code_version_num_key; Type: CONSTRAINT; Schema: transactor; Owner: postgres
--

ALTER TABLE ONLY information
    ADD CONSTRAINT information_transactor_code_version_num_key UNIQUE (transactor_code, version_num);


SET search_path = uom, pg_catalog;

--
-- TOC entry 3345 (class 2606 OID 58619)
-- Name: information uom_pkey; Type: CONSTRAINT; Schema: uom; Owner: postgres
--

ALTER TABLE ONLY information
    ADD CONSTRAINT uom_pkey PRIMARY KEY (uom_code);


--
-- TOC entry 3341 (class 2606 OID 58621)
-- Name: assignment uom_role_pkey; Type: CONSTRAINT; Schema: uom; Owner: postgres
--

ALTER TABLE ONLY assignment
    ADD CONSTRAINT uom_role_pkey PRIMARY KEY (uom_role_id);


--
-- TOC entry 3343 (class 2606 OID 58623)
-- Name: assignment uom_role_uom_role_code_key; Type: CONSTRAINT; Schema: uom; Owner: postgres
--

ALTER TABLE ONLY assignment
    ADD CONSTRAINT uom_role_uom_role_code_key UNIQUE (uom_role_code);


SET search_path = facility, pg_catalog;

--
-- TOC entry 3354 (class 2606 OID 58624)
-- Name: area area_parent_facility_code_fkey; Type: FK CONSTRAINT; Schema: facility; Owner: postgres
--

ALTER TABLE ONLY area
    ADD CONSTRAINT area_parent_facility_code_fkey FOREIGN KEY (parent_facility_code) REFERENCES site(facility_code) ON UPDATE CASCADE ON DELETE CASCADE;


--
-- TOC entry 3360 (class 2606 OID 58694)
-- Name: line line_parent_facility_code_fkey; Type: FK CONSTRAINT; Schema: facility; Owner: postgres
--

ALTER TABLE ONLY line
    ADD CONSTRAINT line_parent_facility_code_fkey FOREIGN KEY (parent_facility_code) REFERENCES area(facility_code) ON UPDATE CASCADE ON DELETE CASCADE;


--
-- TOC entry 3355 (class 2606 OID 58634)
-- Name: site site_parent_facility_code_fkey; Type: FK CONSTRAINT; Schema: facility; Owner: postgres
--

ALTER TABLE ONLY site
    ADD CONSTRAINT site_parent_facility_code_fkey FOREIGN KEY (parent_facility_code) REFERENCES enterprise(facility_code) ON UPDATE CASCADE ON DELETE CASCADE;


--
-- TOC entry 3361 (class 2606 OID 58701)
-- Name: zone zone_parent_facility_code_fkey; Type: FK CONSTRAINT; Schema: facility; Owner: postgres
--

ALTER TABLE ONLY zone
    ADD CONSTRAINT zone_parent_facility_code_fkey FOREIGN KEY (parent_facility_code) REFERENCES area(facility_code);


SET search_path = inventory, pg_catalog;

--
-- TOC entry 3356 (class 2606 OID 58644)
-- Name: definition definition_information_id_fkey; Type: FK CONSTRAINT; Schema: inventory; Owner: postgres
--

ALTER TABLE ONLY definition
    ADD CONSTRAINT definition_information_id_fkey FOREIGN KEY (information_id) REFERENCES information(id) ON UPDATE CASCADE ON DELETE CASCADE;


--
-- TOC entry 3357 (class 2606 OID 58649)
-- Name: measurement measurement_definition_id_fkey; Type: FK CONSTRAINT; Schema: inventory; Owner: postgres
--

ALTER TABLE ONLY measurement
    ADD CONSTRAINT measurement_definition_id_fkey FOREIGN KEY (definition_id) REFERENCES definition(id) ON UPDATE CASCADE ON DELETE CASCADE;


--
-- TOC entry 3358 (class 2606 OID 58654)
-- Name: variety variety_definition_id_fkey; Type: FK CONSTRAINT; Schema: inventory; Owner: postgres
--

ALTER TABLE ONLY variety
    ADD CONSTRAINT variety_definition_id_fkey FOREIGN KEY (definition_id) REFERENCES definition(id) ON UPDATE CASCADE ON DELETE CASCADE;


SET search_path = uom, pg_catalog;

--
-- TOC entry 3359 (class 2606 OID 58659)
-- Name: information uom_base_uom_code_fkey; Type: FK CONSTRAINT; Schema: uom; Owner: postgres
--

ALTER TABLE ONLY information
    ADD CONSTRAINT uom_base_uom_code_fkey FOREIGN KEY (base_uom_code) REFERENCES information(uom_code);


-- Completed on 2018-01-19 23:34:57 EET

--
-- PostgreSQL database dump complete
--

